assembly_number,assembly_title,assembly_drawing_page,parts_list_page,item,part_number,description,pdf_link_to_drawing
2,FRONT END DRIVE ASSEMBLY,4,5,1*,610704052,WH MTR/RECPT ASSY 115/60,8270parts.pdf#page=4
2,FRONT END DRIVE ASSEMBLY,4,5,29,070001699,"SHAFT, SWEEP DRIVE",8270parts.pdf#page=4
2,FRONT END DRIVE ASSEMBLY,4,5,1A,070006219,MTR-115/230-50 COMB,8270parts.pdf#page=4
2,FRONT END DRIVE ASSEMBLY,4,5,30,907000900,KEY-HY PRO 910,8270parts.pdf#page=4
2,FRONT END DRIVE ASSEMBLY,4,5,2,000027655,RECEPTACLE-MALE,8270parts.pdf#page=4
2,FRONT END DRIVE ASSEMBLY,4,5,31,070001707,SPRING,8270parts.pdf#page=4
2,FRONT END DRIVE ASSEMBLY,4,5,2B,785501656,RECPT ASY-G.E. COMB,8270parts.pdf#page=4
2,FRONT END DRIVE ASSEMBLY,4,5,32,070006765,SHAFT PLATE,8270parts.pdf#page=4
2,FRONT END DRIVE ASSEMBLY,4,5,3A,090004521,RECEPTACLE MOUNT,8270parts.pdf#page=4
2,FRONT END DRIVE ASSEMBLY,4,5,33,070006310,SPACER,8270parts.pdf#page=4
2,FRONT END DRIVE ASSEMBLY,4,5,3,000025590,RECEPTACLE HOUSING,8270parts.pdf#page=4
2,FRONT END DRIVE ASSEMBLY,4,5,34,810265240,SCREW SOC 3/8-16 X 1 1/2 - OBS,8270parts.pdf#page=4
2,FRONT END DRIVE ASSEMBLY,4,5,4,000027655,RECEPTACLE-MALE COMBO 5 PRONG,8270parts.pdf#page=4
2,FRONT END DRIVE ASSEMBLY,4,5,35,810265280,SCREW-SOC 3/8-16 X 1 3/4,8270parts.pdf#page=4
2,FRONT END DRIVE ASSEMBLY,4,5,5,823127062,SCREW 6-32 X 3/8 PHIL RD - OBS,8270parts.pdf#page=4
2,FRONT END DRIVE ASSEMBLY,4,5,36,809857125,SCREW-HX 5/16-18 X 3/4,8270parts.pdf#page=4
2,FRONT END DRIVE ASSEMBLY,4,5,5A,785502202,SCREW RDHD 3 X 10MM,8270parts.pdf#page=4
2,FRONT END DRIVE ASSEMBLY,4,5,37,809857405,SCREW-HX 5/16-18 X 2 1/2,8270parts.pdf#page=4
2,FRONT END DRIVE ASSEMBLY,4,5,6,828127062,SCREW-RDHD 6-32 X 3/8TYD,8270parts.pdf#page=4
2,FRONT END DRIVE ASSEMBLY,4,5,38,809865645,SCREW-HX 3/8-16 X 4,8270parts.pdf#page=4
2,FRONT END DRIVE ASSEMBLY,4,5,7,070001700,"SHAFT, TABLE DRIVE",8270parts.pdf#page=4
2,FRONT END DRIVE ASSEMBLY,4,5,39,809873405,SCREW-HX 1/2-13 X 2 1/2,8270parts.pdf#page=4
2,FRONT END DRIVE ASSEMBLY,4,5,8,070001910,SPOT RESPOT CAM,8270parts.pdf#page=4
2,FRONT END DRIVE ASSEMBLY,4,5,40,070003243,SCREW-CRANK ARM,8270parts.pdf#page=4
2,FRONT END DRIVE ASSEMBLY,4,5,9,070001562,"CAP, CAM HUB - OBS",8270parts.pdf#page=4
2,FRONT END DRIVE ASSEMBLY,4,5,41,809857165,SCREW-HX 5/16-18 X 1,8270parts.pdf#page=4
2,FRONT END DRIVE ASSEMBLY,4,5,10,070006499,SPOT&RESPOT LINK ASY - OBS,8270parts.pdf#page=4
2,FRONT END DRIVE ASSEMBLY,4,5,42,818239122,SCREW-SMRD 10-24 X 3/4,8270parts.pdf#page=4
2,FRONT END DRIVE ASSEMBLY,4,5,11,070006407,CAP-CAM HUB,8270parts.pdf#page=4
2,FRONT END DRIVE ASSEMBLY,4,5,43,844057002,5/16-,8270parts.pdf#page=4
2,FRONT END DRIVE ASSEMBLY,4,5,18,STOVER,LOCKNUT,8270parts.pdf#page=4
2,FRONT END DRIVE ASSEMBLY,4,5,12,070006427,"CAM, SHUTTLE",8270parts.pdf#page=4
2,FRONT END DRIVE ASSEMBLY,4,5,44,844065002,3/8-,8270parts.pdf#page=4
2,FRONT END DRIVE ASSEMBLY,4,5,16,STOVER,LOCK NUT,8270parts.pdf#page=4
2,FRONT END DRIVE ASSEMBLY,4,5,13,070006420,CAM SWITCH ASSY,8270parts.pdf#page=4
2,FRONT END DRIVE ASSEMBLY,4,5,45,835549002,1/4-20 JAM NUT,8270parts.pdf#page=4
2,FRONT END DRIVE ASSEMBLY,4,5,14,070006417,TABLE CAM WELD,8270parts.pdf#page=4
2,FRONT END DRIVE ASSEMBLY,4,5,46,844073002,1/2-,8270parts.pdf#page=4
2,FRONT END DRIVE ASSEMBLY,4,5,13,STOVER,LOCKNUT,8270parts.pdf#page=4
2,FRONT END DRIVE ASSEMBLY,4,5,15,070001664,CLAMP STUD,8270parts.pdf#page=4
2,FRONT END DRIVE ASSEMBLY,4,5,47,840039002,10-24 FLEX NUT TN,8270parts.pdf#page=4
2,FRONT END DRIVE ASSEMBLY,4,5,16,070006493,BALL-JOINT ASY,8270parts.pdf#page=4
2,FRONT END DRIVE ASSEMBLY,4,5,48,948761112,5/,8270parts.pdf#page=4
2,FRONT END DRIVE ASSEMBLY,4,5,16,WASHER,17,8270parts.pdf#page=4
2,FRONT END DRIVE ASSEMBLY,4,5,49,710501004,FITTNG-ALMTE,8270parts.pdf#page=4
2,FRONT END DRIVE ASSEMBLY,4,5,18,000021744,"BEARING, SELF ALIGNG",8270parts.pdf#page=4
2,FRONT END DRIVE ASSEMBLY,4,5,50,880239140,SCREW 1/4 X 1/2 LG. SHOULDER BOLT,8270parts.pdf#page=4
2,FRONT END DRIVE ASSEMBLY,4,5,19,000021683,"RETAINER, BEARING",8270parts.pdf#page=4
2,FRONT END DRIVE ASSEMBLY,4,5,51,843139002,"NUT, KEPS EXT. LKWSHR (#10-24)",8270parts.pdf#page=4
2,FRONT END DRIVE ASSEMBLY,4,5,20,000021905,BEARING (LOCKING COLLAR),8270parts.pdf#page=4
2,FRONT END DRIVE ASSEMBLY,4,5,52,718506006,ELBOW - ST 90 DE. 6 1/4,8270parts.pdf#page=4
2,FRONT END DRIVE ASSEMBLY,4,5,21,070001840,TABLE DRIVE ASY,8270parts.pdf#page=4
2,FRONT END DRIVE ASSEMBLY,4,5,53,070007761,BRKT.SPOT RESPOT SPRING HANGER KIT,8270parts.pdf#page=4
2,FRONT END DRIVE ASSEMBLY,4,5,22,190001490,"BEARING, TABLE DRIVE 610704103 KIT-SPRING ROLLER PIN REPAIR KIT",8270parts.pdf#page=4
2,FRONT END DRIVE ASSEMBLY,4,5,23,070007310,"BUSHING 030003943 CRANK, MOTOR",8270parts.pdf#page=4
2,FRONT END DRIVE ASSEMBLY,4,5,24,070007311,SLEEVE,8270parts.pdf#page=4
2,FRONT END DRIVE ASSEMBLY,4,5,26,070006449,CAM WELD-SB&SC SWEEP,8270parts.pdf#page=4
2,FRONT END DRIVE ASSEMBLY,4,5,NOT SHOWN,070005585,END MACHINE GUARD,8270parts.pdf#page=4
2,FRONT END DRIVE ASSEMBLY,4,5,27,070006450,CAM WELD-SA SWEEP 610700153 END MACHINE KIT,8270parts.pdf#page=4
2,FRONT END DRIVE ASSEMBLY,4,5,28,000023139,ARM-CRANK,8270parts.pdf#page=4
2,FRONT END DRIVE ASSEMBLY,4,5,12,QUARTS,www.amf.com• 800.DIALAMF• 82-70 PARTS ASSEMBLY,8270parts.pdf#page=4
4,SPOT & RESPOT LINK ASSEMBLY,6,6,1,070006478,BRACKET,8270parts.pdf#page=6
4,SPOT & RESPOT LINK ASSEMBLY,6,6,13,070006481,LINK ARM-SPOT ASSY,8270parts.pdf#page=6
4,SPOT & RESPOT LINK ASSEMBLY,6,6,2,070006496,SCREW-HX 3/8-16 X 7,8270parts.pdf#page=6
4,SPOT & RESPOT LINK ASSEMBLY,6,6,14,070001585,PIN-SPOT LINK,8270parts.pdf#page=6
4,SPOT & RESPOT LINK ASSEMBLY,6,6,3,070006457,SHAFT,8270parts.pdf#page=6
4,SPOT & RESPOT LINK ASSEMBLY,6,6,15,844073002,1/2-,8270parts.pdf#page=6
4,SPOT & RESPOT LINK ASSEMBLY,6,6,13,STOVER,LOCKNUT,8270parts.pdf#page=6
4,SPOT & RESPOT LINK ASSEMBLY,6,6,4,839665002,NUT-FLX 3/8-16,8270parts.pdf#page=6
4,SPOT & RESPOT LINK ASSEMBLY,6,6,16,610704002,CAM FOLLOWER ASSEMBLY,8270parts.pdf#page=6
4,SPOT & RESPOT LINK ASSEMBLY,6,6,5,070006492,LINK ARM-RESPOT ASSY,8270parts.pdf#page=6
4,SPOT & RESPOT LINK ASSEMBLY,6,6,17,710501012,FITTNG-ALMTE,8270parts.pdf#page=6
4,SPOT & RESPOT LINK ASSEMBLY,6,6,6,070001919,FLANGED BUSHING,8270parts.pdf#page=6
4,SPOT & RESPOT LINK ASSEMBLY,6,6,18,844070002,7/16-,8270parts.pdf#page=6
4,SPOT & RESPOT LINK ASSEMBLY,6,6,20,STOVER,LOCK NUT,8270parts.pdf#page=6
4,SPOT & RESPOT LINK ASSEMBLY,6,6,7,710501009,FITTNG-ALMTE,8270parts.pdf#page=6
4,SPOT & RESPOT LINK ASSEMBLY,6,6,19,070001751,HANGER-SPRING,8270parts.pdf#page=6
4,SPOT & RESPOT LINK ASSEMBLY,6,6,8,070001605,SPOT LINK ASSEMBLY-UPPER,8270parts.pdf#page=6
4,SPOT & RESPOT LINK ASSEMBLY,6,6,19A,090005576,HANGER-SPRING,8270parts.pdf#page=6
4,SPOT & RESPOT LINK ASSEMBLY,6,6,9,070002691,FLANGED BUSHING,8270parts.pdf#page=6
4,SPOT & RESPOT LINK ASSEMBLY,6,6,20,070001587,PIN-SPRING HANGER,8270parts.pdf#page=6
4,SPOT & RESPOT LINK ASSEMBLY,6,6,10A*,070001997,LATCH ASSEMBLY-SPT ARM ASSY,8270parts.pdf#page=6
4,SPOT & RESPOT LINK ASSEMBLY,6,6,21,070006493,BALL-JOINT ASSEMBLY,8270parts.pdf#page=6
4,SPOT & RESPOT LINK ASSEMBLY,6,6,11,900110141,BEARING SL,8270parts.pdf#page=6
4,SPOT & RESPOT LINK ASSEMBLY,6,6,22,610704127,KIT-LATCH OVERRIDE USE WITH MP,8270parts.pdf#page=6
4,SPOT & RESPOT LINK ASSEMBLY,6,6,12,913464360,PIN-SPRNG .375 X 2 1/,8270parts.pdf#page=6
4,SPOT & RESPOT LINK ASSEMBLY,6,6,4,CHASSIS,AND 070006445 LATCH ASSEMBLY,8270parts.pdf#page=6
4,SPOT & RESPOT LINK ASSEMBLY,6,7,34A**,000027873,SOLENOID 50 HZ .156,8270parts.pdf#page=6
4,SPOT & RESPOT LINK ASSEMBLY,6,7,1,090005263,SHUTTLE ROD ASSY,8270parts.pdf#page=6
4,SPOT & RESPOT LINK ASSEMBLY,6,7,35*,000028391,SCREW-SHOULDER,8270parts.pdf#page=6
4,SPOT & RESPOT LINK ASSEMBLY,6,7,2,070006297,TUBE-LONG,8270parts.pdf#page=6
4,SPOT & RESPOT LINK ASSEMBLY,6,7,35A*,957000002,#6 EXT STAR LOCKWASHER,8270parts.pdf#page=6
4,SPOT & RESPOT LINK ASSEMBLY,6,7,3,070006296,WASHER-SPRING,8270parts.pdf#page=6
4,SPOT & RESPOT LINK ASSEMBLY,6,7,35B*,834527002,NUT-HEX 6-32 CD,8270parts.pdf#page=6
4,SPOT & RESPOT LINK ASSEMBLY,6,7,4,070006306,SPRING-SHUTTLE ROD,8270parts.pdf#page=6
4,SPOT & RESPOT LINK ASSEMBLY,6,7,35C*,700107170,ADHSVE-LKTE 609,8270parts.pdf#page=6
4,SPOT & RESPOT LINK ASSEMBLY,6,7,5,070006304,ROD-SHUTTLE,8270parts.pdf#page=6
4,SPOT & RESPOT LINK ASSEMBLY,6,7,36,843133002,NUT-KEP 8-32 WASH,8270parts.pdf#page=6
4,SPOT & RESPOT LINK ASSEMBLY,6,7,6,070006299,TUBE-SHORT,8270parts.pdf#page=6
4,SPOT & RESPOT LINK ASSEMBLY,6,7,37,070006279,GUARD-SOLENOID,8270parts.pdf#page=6
4,SPOT & RESPOT LINK ASSEMBLY,6,7,7,070006302,PLUG-SHUTTLE ROD,8270parts.pdf#page=6
4,SPOT & RESPOT LINK ASSEMBLY,6,7,38,839033002,8-32 LOCK NUT,8270parts.pdf#page=6
4,SPOT & RESPOT LINK ASSEMBLY,6,7,8,835566002,3/8-24 HEX STL THIN NUT,8270parts.pdf#page=6
4,SPOT & RESPOT LINK ASSEMBLY,6,7,39,000021442,WASHER-RUBBER,8270parts.pdf#page=6
4,SPOT & RESPOT LINK ASSEMBLY,6,7,9,090005256,ROD-END-DISTRIBUTOR SUPPORT,8270parts.pdf#page=6
4,SPOT & RESPOT LINK ASSEMBLY,6,7,40,814333122,8-32 X 3/,8270parts.pdf#page=6
4,SPOT & RESPOT LINK ASSEMBLY,6,7,4,MACHINE,SCREW,8270parts.pdf#page=6
4,SPOT & RESPOT LINK ASSEMBLY,6,7,9A,090005256,ROD-END-DISTRIBUTOR SUPPORT,8270parts.pdf#page=6
4,SPOT & RESPOT LINK ASSEMBLY,6,7,41,813922162,SCREW HD 8-32 X 1.0 - OBS,8270parts.pdf#page=6
4,SPOT & RESPOT LINK ASSEMBLY,6,7,10,809865205,SCREW-HEX 3/8-16 X 1 1/4,8270parts.pdf#page=6
4,SPOT & RESPOT LINK ASSEMBLY,6,7,42**,090005723,SOLENOID UNIVERSAL,8270parts.pdf#page=6
4,SPOT & RESPOT LINK ASSEMBLY,6,7,11,840065002,NUT-FLX-TN 3/8-16,8270parts.pdf#page=6
4,SPOT & RESPOT LINK ASSEMBLY,6,7,42A**,090003739,ADAPTER CABLE FOR ABOVE,8270parts.pdf#page=6
4,SPOT & RESPOT LINK ASSEMBLY,6,7,12,070006295,LEVER-SHUTTLE,8270parts.pdf#page=6
4,SPOT & RESPOT LINK ASSEMBLY,6,7,43,070006277,WASHER,8270parts.pdf#page=6
4,SPOT & RESPOT LINK ASSEMBLY,6,7,13,610704002,CAM FOLLOWER ASSEMBLY,8270parts.pdf#page=6
4,SPOT & RESPOT LINK ASSEMBLY,6,7,44,070006276,SPRING,8270parts.pdf#page=6
4,SPOT & RESPOT LINK ASSEMBLY,6,7,14,710501012,FITTNG-ALMTE*1911B,8270parts.pdf#page=6
4,SPOT & RESPOT LINK ASSEMBLY,6,7,45,070006724,LINK-SPNG .250 HOLE,8270parts.pdf#page=6
4,SPOT & RESPOT LINK ASSEMBLY,6,7,15,835570002,NUT-HEX-JAM 7/16-20HY,8270parts.pdf#page=6
4,SPOT & RESPOT LINK ASSEMBLY,6,7,45A*,070006281,LINK-SPNG .156 HOLE,8270parts.pdf#page=6
4,SPOT & RESPOT LINK ASSEMBLY,6,7,16,070006284,STUD-CLAMP-SHUTLE DR,8270parts.pdf#page=6
4,SPOT & RESPOT LINK ASSEMBLY,6,7,46***,070006282,LINK,8270parts.pdf#page=6
4,SPOT & RESPOT LINK ASSEMBLY,6,7,17,834557002,NUT HEX 5/16-18,8270parts.pdf#page=6
4,SPOT & RESPOT LINK ASSEMBLY,6,7,47,913448120,PIN-SPRNG.250 X 3/4,8270parts.pdf#page=6
4,SPOT & RESPOT LINK ASSEMBLY,6,7,18,835565002,3/8 X 16 HEX NUT - THIN,8270parts.pdf#page=6
4,SPOT & RESPOT LINK ASSEMBLY,6,7,48,610704015,KIT-LINK ASSY,8270parts.pdf#page=6
4,SPOT & RESPOT LINK ASSEMBLY,6,7,19,809865165,SCREW-HEX 3/8-16 X 1,8270parts.pdf#page=6
4,SPOT & RESPOT LINK ASSEMBLY,6,7,49,070008135,LINK ASSEMBLY,8270parts.pdf#page=6
4,SPOT & RESPOT LINK ASSEMBLY,6,7,20,530706294,BRACKET SHUTTLE USED - OBS,8270parts.pdf#page=6
4,SPOT & RESPOT LINK ASSEMBLY,6,7,50,900204121,BEARING FL.25X .378 X 3/4LG,8270parts.pdf#page=6
4,SPOT & RESPOT LINK ASSEMBLY,6,7,21,701416058,BEARING FL.502X .627 X .875,8270parts.pdf#page=6
4,SPOT & RESPOT LINK ASSEMBLY,6,7,51,913415100,PIN-SPRNG .094 X 5/8,8270parts.pdf#page=6
4,SPOT & RESPOT LINK ASSEMBLY,6,7,22,900210161,BEARING FL,8270parts.pdf#page=6
4,SPOT & RESPOT LINK ASSEMBLY,6,7,52,070008133,SPACER-LINK ASSY,8270parts.pdf#page=6
4,SPOT & RESPOT LINK ASSEMBLY,6,7,23,070006286,SHAFT,8270parts.pdf#page=6
4,SPOT & RESPOT LINK ASSEMBLY,6,7,53,070006287,PIN,8270parts.pdf#page=6
4,SPOT & RESPOT LINK ASSEMBLY,6,7,24,000021423,COLLAR 5/8X1 1/8 X 1/2,8270parts.pdf#page=6
4,SPOT & RESPOT LINK ASSEMBLY,6,7,54,070001774,LINK ASSEMBLY,8270parts.pdf#page=6
4,SPOT & RESPOT LINK ASSEMBLY,6,7,25,807357040,SCREW-STSO5/16-18 X 1/4K,8270parts.pdf#page=6
4,SPOT & RESPOT LINK ASSEMBLY,6,7,55,070002653,BEARING FL .252 X .315 X .38,8270parts.pdf#page=6
4,SPOT & RESPOT LINK ASSEMBLY,6,7,26,070006289,SHAFT-SHUTTLE DRIVE,8270parts.pdf#page=6
4,SPOT & RESPOT LINK ASSEMBLY,6,7,56,963200002,WASHER-X 1/8 9000-8,8270parts.pdf#page=6
4,SPOT & RESPOT LINK ASSEMBLY,6,7,27,070006285,SHAFT-SHUTTLE-DRIVE,8270parts.pdf#page=6
4,SPOT & RESPOT LINK ASSEMBLY,6,7,57,070006307,LINK ASSEMBLY-SHUTTLE DR,8270parts.pdf#page=6
4,SPOT & RESPOT LINK ASSEMBLY,6,7,28,070006278,LEVER-CAM,8270parts.pdf#page=6
4,SPOT & RESPOT LINK ASSEMBLY,6,7,58,070001777,PIN,8270parts.pdf#page=6
4,SPOT & RESPOT LINK ASSEMBLY,6,7,29,070006116,STUD-CLAMP,8270parts.pdf#page=6
4,SPOT & RESPOT LINK ASSEMBLY,6,7,59,913415100,PIN-SPRNG .094 X 5/8,8270parts.pdf#page=6
4,SPOT & RESPOT LINK ASSEMBLY,6,7,30,835549002,1/4-20 JAM NUT,8270parts.pdf#page=6
4,SPOT & RESPOT LINK ASSEMBLY,6,7,60,070006142,BUMPER,8270parts.pdf#page=6
4,SPOT & RESPOT LINK ASSEMBLY,6,7,31,907000200,KEY-HY PRO* 404,8270parts.pdf#page=6
4,SPOT & RESPOT LINK ASSEMBLY,6,7,61,070006280,CLIP-SPRING-SHUTL.DR,8270parts.pdf#page=6
4,SPOT & RESPOT LINK ASSEMBLY,6,7,32,070006484,STOP LEVER ASSY,8270parts.pdf#page=6
4,SPOT & RESPOT LINK ASSEMBLY,6,7,62,070006283,SPRING,8270parts.pdf#page=6
4,SPOT & RESPOT LINK ASSEMBLY,6,7,33,913464400,PIN-SPRNG .375 X 2 1/2,8270parts.pdf#page=6
4,SPOT & RESPOT LINK ASSEMBLY,6,7,63,610704120,CONV KIT DBL-SGL SOL,8270parts.pdf#page=6
4,SPOT & RESPOT LINK ASSEMBLY,6,7,34**,000026027,SOLENOID 60 HZ .156,8270parts.pdf#page=6
4,SPOT & RESPOT LINK ASSEMBLY,6,7,64,710502010,FITTNG-HEIM*LU640,8270parts.pdf#page=6
6,TABLE DRIVE ASSEMBLY,8,9,1,070002778,HOUSING/CUP ASSEMBLY,8270parts.pdf#page=8
6,TABLE DRIVE ASSEMBLY,8,9,25A,070001844,SPRING-ACTUATOR,8270parts.pdf#page=8
6,TABLE DRIVE ASSEMBLY,8,9,2,070002778,HOUSING/CUP ASSEMBLY,8270parts.pdf#page=8
6,TABLE DRIVE ASSEMBLY,8,9,26,070001857,ROLLER-NYLON,8270parts.pdf#page=8
6,TABLE DRIVE ASSEMBLY,8,9,3,070002777,CUP-ROLLER BEARING LG,8270parts.pdf#page=8
6,TABLE DRIVE ASSEMBLY,8,9,27,880139120,SCREW-SHLD 1/4 X 3/8,8270parts.pdf#page=8
6,TABLE DRIVE ASSEMBLY,8,9,4,070002780,CUP-ROLLER BEARING SM,8270parts.pdf#page=8
6,TABLE DRIVE ASSEMBLY,8,9,28,963300002,WASHER-X 5/32 9000-10,8270parts.pdf#page=8
6,TABLE DRIVE ASSEMBLY,8,9,5,900205053,BEARING FL .315 X .44 X 5/16,8270parts.pdf#page=8
6,TABLE DRIVE ASSEMBLY,8,9,29,912137200,PIN-GRV 3/16 X 1 1/4T3,8270parts.pdf#page=8
6,TABLE DRIVE ASSEMBLY,8,9,6,070002779,ECCENTRIC & CONE ASM,8270parts.pdf#page=8
6,TABLE DRIVE ASSEMBLY,8,9,30,839539002,NUT-FLX-TK *10-24 HT,8270parts.pdf#page=8
6,TABLE DRIVE ASSEMBLY,8,9,7,070001877,ECCENTRIC-TABLE DR.,8270parts.pdf#page=8
6,TABLE DRIVE ASSEMBLY,8,9,31,913423120,PIN-SPRNG .125 X 3/4,8270parts.pdf#page=8
6,TABLE DRIVE ASSEMBLY,8,9,8,070002776,BEARING CONE RL-TBL DRV,8270parts.pdf#page=8
6,TABLE DRIVE ASSEMBLY,8,9,32,913415120,PIN-SPRNG .094 X 3/4,8270parts.pdf#page=8
6,TABLE DRIVE ASSEMBLY,8,9,9,070002824,CONE & SEAL ASSY,8270parts.pdf#page=8
6,TABLE DRIVE ASSEMBLY,8,9,33,840070002,NUT FLEX 7/16-20,8270parts.pdf#page=8
6,TABLE DRIVE ASSEMBLY,8,9,10,070006729,DISC SPRING Note: The following parts (34-46) are not included in 070001840 Table Drive Assembly,8270parts.pdf#page=8
6,TABLE DRIVE ASSEMBLY,8,9,11,809870285,SCREW-HEX 7/16-20 X 1 3/4,8270parts.pdf#page=8
6,TABLE DRIVE ASSEMBLY,8,9,34,809873405,SCREW-HEX 1/2-13 X 2 1/2,8270parts.pdf#page=8
6,TABLE DRIVE ASSEMBLY,8,9,11A,809870325,SCREW-HEX 7/16-20 X 2,8270parts.pdf#page=8
6,TABLE DRIVE ASSEMBLY,8,9,35*,070007755,YOKE WELDMENT NEW STYLE,8270parts.pdf#page=8
6,TABLE DRIVE ASSEMBLY,8,9,12,070001894,PIN-PIVOT,8270parts.pdf#page=8
6,TABLE DRIVE ASSEMBLY,8,9,36,070001849,WASHER-SPECIAL,8270parts.pdf#page=8
6,TABLE DRIVE ASSEMBLY,8,9,13,070001917,SPRING-COMPRESSION,8270parts.pdf#page=8
6,TABLE DRIVE ASSEMBLY,8,9,37,844073002,1/2-,8270parts.pdf#page=8
6,TABLE DRIVE ASSEMBLY,8,9,13,STOVER,LOCKNUT,8270parts.pdf#page=8
6,TABLE DRIVE ASSEMBLY,8,9,14,710501004,FITTNG-ALMTE*1641,8270parts.pdf#page=8
6,TABLE DRIVE ASSEMBLY,8,9,38,000021880,ROD END ASSEMBLY,8270parts.pdf#page=8
6,TABLE DRIVE ASSEMBLY,8,9,15,070001893,CAM BALL ASSEMBLY,8270parts.pdf#page=8
6,TABLE DRIVE ASSEMBLY,8,9,39,919000600,RING-RET. 5000-137,8270parts.pdf#page=8
6,TABLE DRIVE ASSEMBLY,8,9,16,070008321,ARM-LATCH,8270parts.pdf#page=8
6,TABLE DRIVE ASSEMBLY,8,9,40,000021880,ROD END ASSEMBLY,8270parts.pdf#page=8
6,TABLE DRIVE ASSEMBLY,8,9,17,070001898,LATCH ASSEMBLY,8270parts.pdf#page=8
6,TABLE DRIVE ASSEMBLY,8,9,41,000021878,SPACER ROD ASSEMBLY,8270parts.pdf#page=8
6,TABLE DRIVE ASSEMBLY,8,9,18,900104071,BEARING SL BZ .253 X 7/16,8270parts.pdf#page=8
6,TABLE DRIVE ASSEMBLY,8,9,42,000021881,BEARING BL .625 X 1.375,8270parts.pdf#page=8
6,TABLE DRIVE ASSEMBLY,8,9,19,070008322,LINK-ACTUATOR ASSEMBLY,8270parts.pdf#page=8
6,TABLE DRIVE ASSEMBLY,8,9,43,840182002,NUT FLX LK 31FK1018,8270parts.pdf#page=8
6,TABLE DRIVE ASSEMBLY,8,9,20,070008325,PIN-ACTUATOR ASSEMBLY,8270parts.pdf#page=8
6,TABLE DRIVE ASSEMBLY,8,9,44,070007310,BEARING FL .502 X .871 X 1.20,8270parts.pdf#page=8
6,TABLE DRIVE ASSEMBLY,8,9,21,070007250,LINK HUB ASSEMBLY,8270parts.pdf#page=8
6,TABLE DRIVE ASSEMBLY,8,9,45,070007311,SLEEVE-TABLE DR ASSEMBLY,8270parts.pdf#page=8
6,TABLE DRIVE ASSEMBLY,8,9,22,070007250,LINK HUB ASSEMBLY,8270parts.pdf#page=8
6,TABLE DRIVE ASSEMBLY,8,9,46,190001490,BEARING BL .8750 X 1.875 X .5,8270parts.pdf#page=8
6,TABLE DRIVE ASSEMBLY,8,9,23,070002652,BEARING SL .252 X 315 X .5 LG,8270parts.pdf#page=8
6,TABLE DRIVE ASSEMBLY,8,9,47,070001840,TABLE DRIVE ASSEMBLY,8270parts.pdf#page=8
6,TABLE DRIVE ASSEMBLY,8,9,24,070001932,PIN,8270parts.pdf#page=8
6,TABLE DRIVE ASSEMBLY,8,9,25,070001931,SPRING,8270parts.pdf#page=8
6,TABLE DRIVE ASSEMBLY,8,9,NOT SHOWN,610704012,KIT FOR OLD STYLE TABLE DRIVE,8270parts.pdf#page=8
8,TABLE ASSEMBLY,10,11,1,070002684,TABLE CASTING - OBSOLETE,8270parts.pdf#page=10
8,TABLE ASSEMBLY,10,11,32,000022738,ROD END RH,8270parts.pdf#page=10
8,TABLE ASSEMBLY,10,11,2,839665002BG,NUT-FLX 3/8-16 (BAG 10),8270parts.pdf#page=10
8,TABLE ASSEMBLY,10,11,33,000022737,ROD END LH,8270parts.pdf#page=10
8,TABLE ASSEMBLY,10,11,3,070007616BG,PIN-PIVOT 5/16 DIA (BAG 10),8270parts.pdf#page=10
8,TABLE ASSEMBLY,10,11,34,835550002BG,NUT HEX JAM 1/4-28 (BAG 10),8270parts.pdf#page=10
8,TABLE ASSEMBLY,10,11,3A,070002681BG,PIN RSPT LEVER PIVOT (BAG 10),8270parts.pdf#page=10
8,TABLE ASSEMBLY,10,11,35,835650002BG,NUT HEX JAM 1/4-25 LH (BAG 10),8270parts.pdf#page=10
8,TABLE ASSEMBLY,10,11,4,963400002BG,WASHER-X 3/16 (BAG 10),8270parts.pdf#page=10
8,TABLE ASSEMBLY,10,11,36,070002728,CAM LINK BEARING ASY,8270parts.pdf#page=10
8,TABLE ASSEMBLY,10,11,5,070002680,LEVER RESPOT ASY,8270parts.pdf#page=10
8,TABLE ASSEMBLY,10,11,37,070002727,LINK & BEARING ASY,8270parts.pdf#page=10
8,TABLE ASSEMBLY,10,11,5A,070007622,LEVER RESPOT ASY,8270parts.pdf#page=10
8,TABLE ASSEMBLY,10,11,38,070002781,BEARING NEEDLE,8270parts.pdf#page=10
8,TABLE ASSEMBLY,10,11,6,070002653BG,BEARING FL .252 X .315 X .38 (BAG 20),8270parts.pdf#page=10
8,TABLE ASSEMBLY,10,11,39,070001871,SCREW-HEX HD CAM LINK,8270parts.pdf#page=10
8,TABLE ASSEMBLY,10,11,7,963200002BG,WASHER-X 1/8 (BAG 10),8270parts.pdf#page=10
8,TABLE ASSEMBLY,10,11,40,070002578,LEVER ASY SPOT,8270parts.pdf#page=10
8,TABLE ASSEMBLY,10,11,8,070006697,SWITCH ASY TABLE (SEE PG 12),8270parts.pdf#page=10
8,TABLE ASSEMBLY,10,11,41,070002816,CAM FOLLOWER,8270parts.pdf#page=10
8,TABLE ASSEMBLY,10,11,9,810239120BG,SCREW-SOC 10-24 X 3/4 (BAG 10),8270parts.pdf#page=10
8,TABLE ASSEMBLY,10,11,42,840066022BG,NUT-FLX-TN 3/8-24 (BAG 10),8270parts.pdf#page=10
8,TABLE ASSEMBLY,10,11,10,839539002BG,NUT-FLX-TK (BAG 10),8270parts.pdf#page=10
8,TABLE ASSEMBLY,10,11,43,070002745BG,BEARING FL .626 X .814 X 1/2,8270parts.pdf#page=10
8,TABLE ASSEMBLY,10,11,11,070002702,STOP RESPOT,8270parts.pdf#page=10
8,TABLE ASSEMBLY,10,11,44,070002579,LEVER ASY FINGER,8270parts.pdf#page=10
8,TABLE ASSEMBLY,10,11,12,844049002BG,1/4-20 LOCK NUT (BAG 10),8270parts.pdf#page=10
8,TABLE ASSEMBLY,10,11,45,070002590,FINGER LINK,8270parts.pdf#page=10
8,TABLE ASSEMBLY,10,11,13,070002577,STUD SPRING YOKE ASY,8270parts.pdf#page=10
8,TABLE ASSEMBLY,10,11,46,070001804,PIVOT WELD RESPOT,8270parts.pdf#page=10
8,TABLE ASSEMBLY,10,11,14,844057002BG,5/16-,8270parts.pdf#page=10
8,TABLE ASSEMBLY,10,11,18,STOVER,LOCKNUT (BAG 10),8270parts.pdf#page=10
8,TABLE ASSEMBLY,10,11,47,070001807,SPRING RESPOT FINGER,8270parts.pdf#page=10
8,TABLE ASSEMBLY,10,11,19,809865125BG,SCREW-HEX 3/8-16 X 3/4 (BAG 10),8270parts.pdf#page=10
8,TABLE ASSEMBLY,10,11,48,070002592,PIN FINGER,8270parts.pdf#page=10
8,TABLE ASSEMBLY,10,11,20,807357060BG,SCREW STSO 5/16-18 X 3 (BAG 10),8270parts.pdf#page=10
8,TABLE ASSEMBLY,10,11,49,843140002BG,NUT-KEP 10-32 WASH (BAG 10),8270parts.pdf#page=10
8,TABLE ASSEMBLY,10,11,21,000022580,PIN STOP - OBSOLETE,8270parts.pdf#page=10
8,TABLE ASSEMBLY,10,11,50,913423160BG,PIN SPRING .125 X 1 (BAG 10),8270parts.pdf#page=10
8,TABLE ASSEMBLY,10,11,22,070002732BG,SPRING (BAG 2),8270parts.pdf#page=10
8,TABLE ASSEMBLY,10,11,51,070002585,SHAFT LEVER TBL ASY,8270parts.pdf#page=10
8,TABLE ASSEMBLY,10,11,23,070002734,BRKT SPRING CAM LINK,8270parts.pdf#page=10
8,TABLE ASSEMBLY,10,11,52,070002726,SHAFT TBL ASY,8270parts.pdf#page=10
8,TABLE ASSEMBLY,10,11,24,070002583,LINK ASY ACTUATING,8270parts.pdf#page=10
8,TABLE ASSEMBLY,10,11,53,840600002BG,NUT FLX LINK 7/8 X 14 (BAG 10),8270parts.pdf#page=10
8,TABLE ASSEMBLY,10,11,25,070002715,BEARING SL .502 X .689 X 1.5,8270parts.pdf#page=10
8,TABLE ASSEMBLY,10,11,54,809865205BG,SCREW HEX 3/8-16X1 1/4 (BAG 10),8270parts.pdf#page=10
8,TABLE ASSEMBLY,10,11,26,806249160,SCREW SQHD SET 1/4-20 X 1,8270parts.pdf#page=10
8,TABLE ASSEMBLY,10,11,55,701320046,BEARING TH .628 X 1 X 1/16,8270parts.pdf#page=10
8,TABLE ASSEMBLY,10,11,27,835549002BG,1/4-20 JAM NUT (BAG 10),8270parts.pdf#page=10
8,TABLE ASSEMBLY,10,11,56,070002594,TIE ROD ASY,8270parts.pdf#page=10
8,TABLE ASSEMBLY,10,11,28,070002733,SCREW CAM LINK TABLE,8270parts.pdf#page=10
8,TABLE ASSEMBLY,10,11,57,070002652BG,BEARING SL .252 X .315 X .5LG (BAG 20),8270parts.pdf#page=10
8,TABLE ASSEMBLY,10,11,29,070002584,PIN BELL CRANK,8270parts.pdf#page=10
8,TABLE ASSEMBLY,10,11,58,710501009,FITTING,8270parts.pdf#page=10
8,TABLE ASSEMBLY,10,11,30,809849165BG,SCREW-HEX 1/4-20 X 1 (BAG 10),8270parts.pdf#page=10
8,TABLE ASSEMBLY,10,11,59,070002596,SPRING (NOT SHOWN),8270parts.pdf#page=10
8,TABLE ASSEMBLY,10,11,31,070002581,TIE ROD,8270parts.pdf#page=10
8,TABLE ASSEMBLY,10,11,60,000021784,WASHER SLOTTED,8270parts.pdf#page=10
10,TABLE WIREWAY ASSEMBLY,12,13,1,070007623,LEVER RESPOT ASSEMBLY,8270parts.pdf#page=12
10,TABLE WIREWAY ASSEMBLY,12,13,23A,730035025,CLIP-BALL-JOINT BRSS,8270parts.pdf#page=12
10,TABLE WIREWAY ASSEMBLY,12,13,1A,070002678,LEVER RESPOT ASSY,8270parts.pdf#page=12
10,TABLE WIREWAY ASSEMBLY,12,13,24,730023015,SHELL,8270parts.pdf#page=12
10,TABLE WIREWAY ASSEMBLY,12,13,2,070002653,BEARING FL .252 X .315 X .38,8270parts.pdf#page=12
10,TABLE WIREWAY ASSEMBLY,12,13,25,070002814,LINK ASSEMBLY,8270parts.pdf#page=12
10,TABLE WIREWAY ASSEMBLY,12,13,3,070002652,BEARING SL .252 X 315 X .5 LG,8270parts.pdf#page=12
10,TABLE WIREWAY ASSEMBLY,12,13,26,730027019,STUD-BALL 1/4-20,8270parts.pdf#page=12
10,TABLE WIREWAY ASSEMBLY,12,13,4,963200002,WASHER-X 1/8 9000-8,8270parts.pdf#page=12
10,TABLE WIREWAY ASSEMBLY,12,13,27,070002815,BEARING .252 X .318 X .307 LG,8270parts.pdf#page=12
10,TABLE WIREWAY ASSEMBLY,12,13,5,844049002,1/4-20 LOCK NUT,8270parts.pdf#page=12
10,TABLE WIREWAY ASSEMBLY,12,13,28,724507002,TIN-NUT C-160-1420,8270parts.pdf#page=12
10,TABLE WIREWAY ASSEMBLY,12,13,6,070002671,LINK RESP CONN,8270parts.pdf#page=12
10,TABLE WIREWAY ASSEMBLY,12,13,29,070005602,CBL-TABLE,8270parts.pdf#page=12
10,TABLE WIREWAY ASSEMBLY,12,13,7*,070006669,LINK RESPOT,8270parts.pdf#page=12
10,TABLE WIREWAY ASSEMBLY,12,13,30,000028442,GUIDE PIN,8270parts.pdf#page=12
10,TABLE WIREWAY ASSEMBLY,12,13,8,070002768,LINK-TABLE ASSEMBLY,8270parts.pdf#page=12
10,TABLE WIREWAY ASSEMBLY,12,13,31,000028441,GUIDE SOCKET,8270parts.pdf#page=12
10,TABLE WIREWAY ASSEMBLY,12,13,9,070002769,LINK-TABLE ASSEMBLY,8270parts.pdf#page=12
10,TABLE WIREWAY ASSEMBLY,12,13,32,070002582,DRIVE LINK ASSEMBLY-REAR,8270parts.pdf#page=12
10,TABLE WIREWAY ASSEMBLY,12,13,10,070002770,LINK-TABLE ASSEMBLY,8270parts.pdf#page=12
10,TABLE WIREWAY ASSEMBLY,12,13,33,900205053,BEARING FL .315 X .44 X 5/16,8270parts.pdf#page=12
10,TABLE WIREWAY ASSEMBLY,12,13,11,070002766,LINK-TABLE ASSEMBLY,8270parts.pdf#page=12
10,TABLE WIREWAY ASSEMBLY,12,13,34,070002619,PIN ACTUATOR SHAFT,8270parts.pdf#page=12
10,TABLE WIREWAY ASSEMBLY,12,13,12,070002774,PIN,8270parts.pdf#page=12
10,TABLE WIREWAY ASSEMBLY,12,13,35,610704010,TABLECABLE REPLACEMENT KIT,8270parts.pdf#page=12
10,TABLE WIREWAY ASSEMBLY,12,13,13,070002771,PLATE-TABLE,8270parts.pdf#page=12
10,TABLE WIREWAY ASSEMBLY,12,13,36,812039162,SCREW-FLHD 10-24 X 1,8270parts.pdf#page=12
10,TABLE WIREWAY ASSEMBLY,12,13,14,070002772,PIN-TABLE,8270parts.pdf#page=12
10,TABLE WIREWAY ASSEMBLY,12,13,37,839539002,NUT-FLX-TK *10-24 HT,8270parts.pdf#page=12
10,TABLE WIREWAY ASSEMBLY,12,13,15,070006308,GROMMET-TABLE ASSEMBLY - OBS,8270parts.pdf#page=12
10,TABLE WIREWAY ASSEMBLY,12,13,38,610704010,TABLE CABLE REPLACEMENT KIT,8270parts.pdf#page=12
10,TABLE WIREWAY ASSEMBLY,12,13,16,070002773,GROMMET-TABLE ASSEMBLY,8270parts.pdf#page=12
10,TABLE WIREWAY ASSEMBLY,12,13,070006669,LINKRESPOT,17,8270parts.pdf#page=12
10,TABLE WIREWAY ASSEMBLY,12,13,39,070002813,RESPOT LINK,8270parts.pdf#page=12
10,TABLE WIREWAY ASSEMBLY,12,13,18,090002538,TABLE CONNECTOR BRACKET,8270parts.pdf#page=12
10,TABLE WIREWAY ASSEMBLY,12,13,40,000026865,WASHER,8270parts.pdf#page=12
10,TABLE WIREWAY ASSEMBLY,12,13,19,000025556,CATCH-SPG.LOCK,8270parts.pdf#page=12
10,TABLE WIREWAY ASSEMBLY,12,13,41,770011029,TYRAP-7.31 INCH LG,8270parts.pdf#page=12
10,TABLE WIREWAY ASSEMBLY,12,13,20,809849085,SCREW-HEX 1/4-20 X 1/2,8270parts.pdf#page=12
10,TABLE WIREWAY ASSEMBLY,12,13,42,000025079,BLOCK-TERM AMP 201355-1,8270parts.pdf#page=12
10,TABLE WIREWAY ASSEMBLY,12,13,21,834821000,4-40 HEX BRASS NUT,8270parts.pdf#page=12
10,TABLE WIREWAY ASSEMBLY,12,13,43,760011197,TERM-PIN.062 DIA LP,8270parts.pdf#page=12
10,TABLE WIREWAY ASSEMBLY,12,13,22,070002814,LINK ASSEMBLY,8270parts.pdf#page=12
10,TABLE WIREWAY ASSEMBLY,12,13,44,610704010,TABLE CABLE REPLACEMENT KIT,8270parts.pdf#page=12
10,TABLE WIREWAY ASSEMBLY,12,13,23,730036025,CLIP-SILVER,8270parts.pdf#page=12
12,SWITCH ASSEMBLY TABLE ASSEMBLY,14,15,1,070006695,BRKT-SWITCH ASSEMBLY,8270parts.pdf#page=14
12,SWITCH ASSEMBLY TABLE ASSEMBLY,14,15,14,070002762,SPRING-SWTCH.LEV-TBL - OBS,8270parts.pdf#page=14
12,SWITCH ASSEMBLY TABLE ASSEMBLY,14,15,2,000021645,LEVER ASSEMBLY-SWITCH,8270parts.pdf#page=14
12,SWITCH ASSEMBLY TABLE ASSEMBLY,14,15,15,070006697,SWITCH ASY - TABLE,8270parts.pdf#page=14
12,SWITCH ASSEMBLY TABLE ASSEMBLY,14,15,3,000026042,SWITCH-MICRO,8270parts.pdf#page=14
12,SWITCH ASSEMBLY TABLE ASSEMBLY,14,15,16,070006697,SWITCH ASY - TABLE,8270parts.pdf#page=14
12,SWITCH ASSEMBLY TABLE ASSEMBLY,14,15,4,070006693,SHAFT-SWITCH ASSEMBLY,8270parts.pdf#page=14
12,SWITCH ASSEMBLY TABLE ASSEMBLY,14,15,17,070002758,LEVER & BUSHING ASSEMBLY,8270parts.pdf#page=14
12,SWITCH ASSEMBLY TABLE ASSEMBLY,14,15,5,070006694,SPACER-SWITCH ASSEMBLY,8270parts.pdf#page=14
12,SWITCH ASSEMBLY TABLE ASSEMBLY,14,15,18,070002652,BEARING SL .252 X 315 X .5 LG,8270parts.pdf#page=14
12,SWITCH ASSEMBLY TABLE ASSEMBLY,14,15,6,000022296,INSULATOR-SWITCH,8270parts.pdf#page=14
12,SWITCH ASSEMBLY TABLE ASSEMBLY,14,15,19,070002653,BEARING FL .252 X .315 X .38,8270parts.pdf#page=14
12,SWITCH ASSEMBLY TABLE ASSEMBLY,14,15,7,000024657,SPRING,8270parts.pdf#page=14
12,SWITCH ASSEMBLY TABLE ASSEMBLY,14,15,20,808640141,SCREW-SOC LK 10-32 X 7/8,8270parts.pdf#page=14
12,SWITCH ASSEMBLY TABLE ASSEMBLY,14,15,8,963200002,WASHER-X 1/8 9000-8,8270parts.pdf#page=14
12,SWITCH ASSEMBLY TABLE ASSEMBLY,14,15,21,843140002,NUT-KEP 10-32 WASH,8270parts.pdf#page=14
12,SWITCH ASSEMBLY TABLE ASSEMBLY,14,15,9,000021714,SCREW-ADJUSTING,8270parts.pdf#page=14
12,SWITCH ASSEMBLY TABLE ASSEMBLY,14,15,22,948745082,WASHER- 7/32 X 1/2 X 1/16,8270parts.pdf#page=14
12,SWITCH ASSEMBLY TABLE ASSEMBLY,14,15,10,835550002,NUT-HEX-JAM 1/4-28,8270parts.pdf#page=14
12,SWITCH ASSEMBLY TABLE ASSEMBLY,14,15,23,000026247,SWITCH,8270parts.pdf#page=14
12,SWITCH ASSEMBLY TABLE ASSEMBLY,14,15,11,818227162,SCREW-SMRD 6-32 X 1,8270parts.pdf#page=14
12,SWITCH ASSEMBLY TABLE ASSEMBLY,14,15,24,813727162,SCREW 6-32 X 1.0 - OBS,8270parts.pdf#page=14
12,SWITCH ASSEMBLY TABLE ASSEMBLY,14,15,12,839527002,NUT-FLX-TK 6-32 HT,8270parts.pdf#page=14
12,SWITCH ASSEMBLY TABLE ASSEMBLY,14,15,25,838727002,NUT-HEX-ESN 6-32 LT,8270parts.pdf#page=14
12,SWITCH ASSEMBLY TABLE ASSEMBLY,14,15,13,070006697,SWITCHASY - TABLE,8270parts.pdf#page=14
14,YOKE & SPOTTING CUP ASSEMBLY,16,17,1,070002623,YOKE & BEARING ASSY,8270parts.pdf#page=16
14,YOKE & SPOTTING CUP ASSEMBLY,16,17,28,070002617,SHAFT-3 YOKE ASSEMBLY,8270parts.pdf#page=16
14,YOKE & SPOTTING CUP ASSEMBLY,16,17,2,070002683,YOKE,8270parts.pdf#page=16
14,YOKE & SPOTTING CUP ASSEMBLY,16,17,29,070002616,SHAFT-2 YOKE ASSEMBLY,8270parts.pdf#page=16
14,YOKE & SPOTTING CUP ASSEMBLY,16,17,3,190001490,BEARING BL .8750 X 1.875 X .5,8270parts.pdf#page=16
14,YOKE & SPOTTING CUP ASSEMBLY,16,17,30,070002615,SHAFT-1YOKE ASSEMBLY,8270parts.pdf#page=16
14,YOKE & SPOTTING CUP ASSEMBLY,16,17,4,070002663,LEG ASSEMBLY-FRONT RH,8270parts.pdf#page=16
14,YOKE & SPOTTING CUP ASSEMBLY,16,17,31,070002602,LEVER INNER YOKE,8270parts.pdf#page=16
14,YOKE & SPOTTING CUP ASSEMBLY,16,17,5,070002667,LEG-FRONT-TABLE,8270parts.pdf#page=16
14,YOKE & SPOTTING CUP ASSEMBLY,16,17,32,070002603,LEVER OUTER YOKE,8270parts.pdf#page=16
14,YOKE & SPOTTING CUP ASSEMBLY,16,17,6,907000600,KEY-HY PRO 706,8270parts.pdf#page=16
14,YOKE & SPOTTING CUP ASSEMBLY,16,17,33,070002723,PIN ACTUATOR SHAFT,8270parts.pdf#page=16
14,YOKE & SPOTTING CUP ASSEMBLY,16,17,7,070002698,BEARING SR .625 X 1.562 X 7/8,8270parts.pdf#page=16
14,YOKE & SPOTTING CUP ASSEMBLY,16,17,34,701310036,BEARING TH .315 X .75 X 1/16,8270parts.pdf#page=16
14,YOKE & SPOTTING CUP ASSEMBLY,16,17,8,919000700,RETAINING RING,8270parts.pdf#page=16
14,YOKE & SPOTTING CUP ASSEMBLY,16,17,35,070002612,TIE LINK ASM,8270parts.pdf#page=16
14,YOKE & SPOTTING CUP ASSEMBLY,16,17,9,070002664,LEG ASSEMBLY-FRONT LH,8270parts.pdf#page=16
14,YOKE & SPOTTING CUP ASSEMBLY,16,17,36,070002612,TIE LINK ASM,8270parts.pdf#page=16
14,YOKE & SPOTTING CUP ASSEMBLY,16,17,10,724517107,RING-COMP-TINN .315,8270parts.pdf#page=16
14,YOKE & SPOTTING CUP ASSEMBLY,16,17,37,900205053,BEARING FL .315 X .44 X 5/16,8270parts.pdf#page=16
14,YOKE & SPOTTING CUP ASSEMBLY,16,17,11,806265240,SCREW-STSQ 3/8-16 X 1 1/2,8270parts.pdf#page=16
14,YOKE & SPOTTING CUP ASSEMBLY,16,17,38,070002688,SPRING RH,8270parts.pdf#page=16
14,YOKE & SPOTTING CUP ASSEMBLY,16,17,12,835565002,3/8 X 16 HEX NUT - THIN,8270parts.pdf#page=16
14,YOKE & SPOTTING CUP ASSEMBLY,16,17,39,070002689,SPRING LH,8270parts.pdf#page=16
14,YOKE & SPOTTING CUP ASSEMBLY,16,17,13,070002665,LEG ASSEMBLY-REAR,8270parts.pdf#page=16
14,YOKE & SPOTTING CUP ASSEMBLY,16,17,40,070002719,SLEEVE-SPRING-YOKE,8270parts.pdf#page=16
14,YOKE & SPOTTING CUP ASSEMBLY,16,17,14,070002666,LEG ASSEMBLY-REAR,8270parts.pdf#page=16
14,YOKE & SPOTTING CUP ASSEMBLY,16,17,41,090004033,SPRING RETAINER,8270parts.pdf#page=16
14,YOKE & SPOTTING CUP ASSEMBLY,16,17,15,000023114,BEARING FL .628 X .8155 X .06,8270parts.pdf#page=16
14,YOKE & SPOTTING CUP ASSEMBLY,16,17,42,809849165,SCREW-HEX 1/4-20 X 1,8270parts.pdf#page=16
14,YOKE & SPOTTING CUP ASSEMBLY,16,17,16,070002808,SPOTTING CUP ASSEMBLY,8270parts.pdf#page=16
14,YOKE & SPOTTING CUP ASSEMBLY,16,17,43,070002609,PIN LEVER REAR YOKE,8270parts.pdf#page=16
14,YOKE & SPOTTING CUP ASSEMBLY,16,17,17,070002809,SPOTTING CUP,8270parts.pdf#page=16
14,YOKE & SPOTTING CUP ASSEMBLY,16,17,44,913437240,PIN-SPRNG .187 X 1 1/2,8270parts.pdf#page=16
14,YOKE & SPOTTING CUP ASSEMBLY,16,17,17A,070011814,SPOTTING CUP LEXAN,8270parts.pdf#page=16
14,YOKE & SPOTTING CUP ASSEMBLY,16,17,45,000025549,COLLAR 7/8 X1 1/2 X 9/16,8270parts.pdf#page=16
14,YOKE & SPOTTING CUP ASSEMBLY,16,17,18,070002784,SPOTCUP LINER,8270parts.pdf#page=16
14,YOKE & SPOTTING CUP ASSEMBLY,16,17,46,070002620,SPACER YOKE ASSEMBLY,8270parts.pdf#page=16
14,YOKE & SPOTTING CUP ASSEMBLY,16,17,19,070002798,RETAINER-SPOTING CUP,8270parts.pdf#page=16
14,YOKE & SPOTTING CUP ASSEMBLY,16,17,47,070002624,ARM ACT YOKE ASM,8270parts.pdf#page=16
14,YOKE & SPOTTING CUP ASSEMBLY,16,17,20,070002787,BLT-U-SPOTTING CUP,8270parts.pdf#page=16
14,YOKE & SPOTTING CUP ASSEMBLY,16,17,48,809865365,3/8-16 X 2-1/4 HEX HEAD SCREW,8270parts.pdf#page=16
14,YOKE & SPOTTING CUP ASSEMBLY,16,17,22,810249200,SCREW-SOC 1/4-20 X 1 1/4,8270parts.pdf#page=16
14,YOKE & SPOTTING CUP ASSEMBLY,16,17,49,809865245,SCREW-HEX 3/8-16 X 1 1/2,8270parts.pdf#page=16
14,YOKE & SPOTTING CUP ASSEMBLY,16,17,23,844049002,1/4-20 LOCK NUT,8270parts.pdf#page=16
14,YOKE & SPOTTING CUP ASSEMBLY,16,17,50,839665002,NUT-FLX 3/8-16,8270parts.pdf#page=16
14,YOKE & SPOTTING CUP ASSEMBLY,16,17,24,844057002,5/16-,8270parts.pdf#page=16
14,YOKE & SPOTTING CUP ASSEMBLY,16,17,18,STOVER,LOCKNUT,8270parts.pdf#page=16
14,YOKE & SPOTTING CUP ASSEMBLY,16,17,51,070002701,PIN YOKE LEGS,8270parts.pdf#page=16
14,YOKE & SPOTTING CUP ASSEMBLY,16,17,25,948761112,5/,8270parts.pdf#page=16
14,YOKE & SPOTTING CUP ASSEMBLY,16,17,16,WROUGHT,WASHER,8270parts.pdf#page=16
14,YOKE & SPOTTING CUP ASSEMBLY,16,17,52,070002573,SPACER LEG YOKE,8270parts.pdf#page=16
14,YOKE & SPOTTING CUP ASSEMBLY,16,17,26,070002788,CAP-SPOTTING CUP,8270parts.pdf#page=16
14,YOKE & SPOTTING CUP ASSEMBLY,16,17,53,840381002,NUT-FLX-TK 5/8-11,8270parts.pdf#page=16
14,YOKE & SPOTTING CUP ASSEMBLY,16,17,27,070002618,SHAFT-4 YOKE ASSEMBLY,8270parts.pdf#page=16
16,CELL ASSEMBLY - RESPOT,18,19,1*,090004123,RESPOT FINGER WITH INSERT,8270parts.pdf#page=18
16,CELL ASSEMBLY - RESPOT,18,19,18,070002646,ARM RES YOKE ASSEMBLY,8270parts.pdf#page=18
16,CELL ASSEMBLY - RESPOT,18,19,1A,090004123,RESPOT FINGER ASSEMBLY,8270parts.pdf#page=18
16,CELL ASSEMBLY - RESPOT,18,19,19,070007618,LEVER RESPOT ASSEMBLY 1-9 CELL,8270parts.pdf#page=18
16,CELL ASSEMBLY - RESPOT,18,19,2,070002792,FRAME RESPOT WELD.,8270parts.pdf#page=18
16,CELL ASSEMBLY - RESPOT,18,19,19A,070007620,LEVER ASSEMBLY N07 CELL,8270parts.pdf#page=18
16,CELL ASSEMBLY - RESPOT,18,19,3,070007194,STUD-LONG-RESPT.CELL,8270parts.pdf#page=18
16,CELL ASSEMBLY - RESPOT,18,19,20,070002653,BEARING FL .252 X .315 X .38,8270parts.pdf#page=18
16,CELL ASSEMBLY - RESPOT,18,19,4,070007195,STUD-SHORT-RESPT.CEL,8270parts.pdf#page=18
16,CELL ASSEMBLY - RESPOT,18,19,21,070002645,SHAFT-LEVER AY-RESPT,8270parts.pdf#page=18
16,CELL ASSEMBLY - RESPOT,18,19,5,070007196,BEARING FL .252 X .485 X .560,8270parts.pdf#page=18
16,CELL ASSEMBLY - RESPOT,18,19,22,070002649,SPRING,8270parts.pdf#page=18
16,CELL ASSEMBLY - RESPOT,18,19,6,070007192,WASHER-RESPOT CELL ASSEMBLY,8270parts.pdf#page=18
16,CELL ASSEMBLY - RESPOT,18,19,23,070002750,SCREW-FLHD-RESPOT&YOKE,8270parts.pdf#page=18
16,CELL ASSEMBLY - RESPOT,18,19,7,070007193,SPACER-RESPOT CELL,8270parts.pdf#page=18
16,CELL ASSEMBLY - RESPOT,18,19,24,070002632,SCREW-ADJ-RESPOT CELL,8270parts.pdf#page=18
16,CELL ASSEMBLY - RESPOT,18,19,8**,070007617,STUD-PIVOT 5/16,8270parts.pdf#page=18
16,CELL ASSEMBLY - RESPOT,18,19,25,070002570,INSERT YOKE ARM,8270parts.pdf#page=18
16,CELL ASSEMBLY - RESPOT,18,19,8A**,070002654,PIVOT SHAFT 1/4,8270parts.pdf#page=18
16,CELL ASSEMBLY - RESPOT,18,19,26,070007197,INSERT-RESPOT-PLASTIC/ ROUND HOLE,8270parts.pdf#page=18
16,CELL ASSEMBLY - RESPOT,18,19,9,070002752,BUMPER EXTENSION,8270parts.pdf#page=18
16,CELL ASSEMBLY - RESPOT,18,19,27,913437100,PIN-SPRNG.187 X 5/8,8270parts.pdf#page=18
16,CELL ASSEMBLY - RESPOT,18,19,10,844049002,1/4-20 LOCK NUT,8270parts.pdf#page=18
16,CELL ASSEMBLY - RESPOT,18,19,28,808640141,SCREW-SOC LK 10-32 X 7/8,8270parts.pdf#page=18
16,CELL ASSEMBLY - RESPOT,18,19,11,963400002,WASHER-X 3/16 9000-12,8270parts.pdf#page=18
16,CELL ASSEMBLY - RESPOT,18,19,29,808640121,SCREW SOC LK 10-32 X 3/4,8270parts.pdf#page=18
16,CELL ASSEMBLY - RESPOT,18,19,12,963200002,WASHER-X 1/8 9000-8,8270parts.pdf#page=18
16,CELL ASSEMBLY - RESPOT,18,19,30,070002652,SLEEVE BUSHING,8270parts.pdf#page=18
16,CELL ASSEMBLY - RESPOT,18,19,13,070002647,YOKE RESPOT ASSEMBLY,8270parts.pdf#page=18
16,CELL ASSEMBLY - RESPOT,18,19,31,070006674,CELL ASSEMBLY #7 (NEW STYLE),8270parts.pdf#page=18
16,CELL ASSEMBLY - RESPOT,18,19,13A,070002647,YOKE RESPOT ASY,8270parts.pdf#page=18
16,CELL ASSEMBLY - RESPOT,18,19,32,008100413,ADHSVE-,8270parts.pdf#page=18
16,CELL ASSEMBLY - RESPOT,18,19,3M,EC1300,14 070002629 YOKE RESPOT ASM,8270parts.pdf#page=18
16,CELL ASSEMBLY - RESPOT,18,19,33,090004119,RESPOT FINGER,8270parts.pdf#page=18
16,CELL ASSEMBLY - RESPOT,18,19,15,070002630,BEARING FL .252 X .315 X .218,8270parts.pdf#page=18
16,CELL ASSEMBLY - RESPOT,18,19,34,792506033,INSERT-RESPOT/ SQUARE HOLE,8270parts.pdf#page=18
16,CELL ASSEMBLY - RESPOT,18,19,16,933623050,RVT-SEMI TUBLR STL,8270parts.pdf#page=18
16,CELL ASSEMBLY - RESPOT,18,19,35,951138000,WASHER-LK-SPLIT # 10,8270parts.pdf#page=18
16,CELL ASSEMBLY - RESPOT,18,19,17,070002644,PLATE YOKE ASSEMBLY,8270parts.pdf#page=18
16,CELL ASSEMBLY - RESPOT,18,19,36,610704001,RESPOT CELL FGR KIT (NOT SHOWN),8270parts.pdf#page=18
18,RESPOT CELL NUMBER 7 ASSEMBLY,20,21,7,ASSEMBLY,19,8270parts.pdf#page=20
18,RESPOT CELL NUMBER 7 ASSEMBLY,20,21,1*,090004123,RESPOT FINGER WITH INSERT,8270parts.pdf#page=20
18,RESPOT CELL NUMBER 7 ASSEMBLY,20,21,20,070002653,BEARING FL .252 X .315 X .38,8270parts.pdf#page=20
18,RESPOT CELL NUMBER 7 ASSEMBLY,20,21,2,070002686,FRAME ASM 7 CELL,8270parts.pdf#page=20
18,RESPOT CELL NUMBER 7 ASSEMBLY,20,21,21,070002645,SHAFT-LEVER AY-RESPT,8270parts.pdf#page=20
18,RESPOT CELL NUMBER 7 ASSEMBLY,20,21,3,070007194,STUD-LONG-RESPT.CELL,8270parts.pdf#page=20
18,RESPOT CELL NUMBER 7 ASSEMBLY,20,21,22,070002649,SPRING,8270parts.pdf#page=20
18,RESPOT CELL NUMBER 7 ASSEMBLY,20,21,4,070007195,STUD-SHORT-RESPT.CEL,8270parts.pdf#page=20
18,RESPOT CELL NUMBER 7 ASSEMBLY,20,21,23,070002750,SCREW-FLHD-RESPOT&YOKE,8270parts.pdf#page=20
18,RESPOT CELL NUMBER 7 ASSEMBLY,20,21,5,070007196,BEARING FL .252 X .485 X .560,8270parts.pdf#page=20
18,RESPOT CELL NUMBER 7 ASSEMBLY,20,21,24,070002632,SCREW-ADJ-RESPOT CELL,8270parts.pdf#page=20
18,RESPOT CELL NUMBER 7 ASSEMBLY,20,21,6,070007192,WASHER-RESPOT CELL ASSEMBLY,8270parts.pdf#page=20
18,RESPOT CELL NUMBER 7 ASSEMBLY,20,21,25,070002570,INSERT YOKE ARM,8270parts.pdf#page=20
18,RESPOT CELL NUMBER 7 ASSEMBLY,20,21,7,070007193,SPACER-RESPOT CELL,8270parts.pdf#page=20
18,RESPOT CELL NUMBER 7 ASSEMBLY,20,21,26,070007197,INSERT-RESPOT-PLASTIC/ ROUND HOLE,8270parts.pdf#page=20
18,RESPOT CELL NUMBER 7 ASSEMBLY,20,21,8**,070002685,SHAFT-PIVOT 7 CELL 5/16,8270parts.pdf#page=20
18,RESPOT CELL NUMBER 7 ASSEMBLY,20,21,27,913437100,PIN-SPRNG.187 X 5/8,8270parts.pdf#page=20
18,RESPOT CELL NUMBER 7 ASSEMBLY,20,21,8A**,070002654,PIVOT SHAFT 1/4,8270parts.pdf#page=20
18,RESPOT CELL NUMBER 7 ASSEMBLY,20,21,28,808640141,SCREW-SOC LK 10-32 X 7/8,8270parts.pdf#page=20
18,RESPOT CELL NUMBER 7 ASSEMBLY,20,21,9,070002752,BUMPER EXTENSION,8270parts.pdf#page=20
18,RESPOT CELL NUMBER 7 ASSEMBLY,20,21,29,808640121,SCREW SOC LK 10-32 X 3/4,8270parts.pdf#page=20
18,RESPOT CELL NUMBER 7 ASSEMBLY,20,21,10,844049002,1/4-20 LOCK NUT,8270parts.pdf#page=20
18,RESPOT CELL NUMBER 7 ASSEMBLY,20,21,30,070002652,BEARING SL .252 X .315 X .5 LG,8270parts.pdf#page=20
18,RESPOT CELL NUMBER 7 ASSEMBLY,20,21,11,963100002,WASHER-X 3/32 9000-6,8270parts.pdf#page=20
18,RESPOT CELL NUMBER 7 ASSEMBLY,20,21,31,008100413,ADHSVE-,8270parts.pdf#page=20
18,RESPOT CELL NUMBER 7 ASSEMBLY,20,21,3M,EC1300,12,8270parts.pdf#page=20
18,RESPOT CELL NUMBER 7 ASSEMBLY,20,21,32,070008154,PIN-PIVOT N07 CELL,8270parts.pdf#page=20
18,RESPOT CELL NUMBER 7 ASSEMBLY,20,21,13,070006677,RESPOT YOKE ASSY - OBS,8270parts.pdf#page=20
18,RESPOT CELL NUMBER 7 ASSEMBLY,20,21,33,070006674,CELL ASSEMBLY #7 (NEW STYLE),8270parts.pdf#page=20
18,RESPOT CELL NUMBER 7 ASSEMBLY,20,21,13A,070002642,YOKE RESPOT ASSEMBLY 7,8270parts.pdf#page=20
18,RESPOT CELL NUMBER 7 ASSEMBLY,20,21,34,070007199,RESPOT CELL ASSEMBLY #7(OLD STYLE),8270parts.pdf#page=20
18,RESPOT CELL NUMBER 7 ASSEMBLY,20,21,14,070002629,YOKE RESPOT ASM,8270parts.pdf#page=20
18,RESPOT CELL NUMBER 7 ASSEMBLY,20,21,35,919010200,RING-RET. 5133-25,8270parts.pdf#page=20
18,RESPOT CELL NUMBER 7 ASSEMBLY,20,21,15,070002630,BEARING FL .252 X .315 X .218,8270parts.pdf#page=20
18,RESPOT CELL NUMBER 7 ASSEMBLY,20,21,36,835558002,NUT-HEX-JAM 5/16-24,8270parts.pdf#page=20
18,RESPOT CELL NUMBER 7 ASSEMBLY,20,21,16,933623050,RVT-SEMI TUBLR STL,8270parts.pdf#page=20
18,RESPOT CELL NUMBER 7 ASSEMBLY,20,21,37,070002531,WASHER RESPOT,8270parts.pdf#page=20
18,RESPOT CELL NUMBER 7 ASSEMBLY,20,21,17,070002644,PLATE YOKE ASSEMBLY,8270parts.pdf#page=20
18,RESPOT CELL NUMBER 7 ASSEMBLY,20,21,38,951138000,WASHER-LK-SPLIT # 10,8270parts.pdf#page=20
18,RESPOT CELL NUMBER 7 ASSEMBLY,20,21,18,070002646,ARM RES YOKE ASSEMBLY,8270parts.pdf#page=20
18,RESPOT CELL NUMBER 7 ASSEMBLY,20,21,39,090004119,RESPOT FINGER,8270parts.pdf#page=20
18,RESPOT CELL NUMBER 7 ASSEMBLY,20,21,19,070006673,LEVER RESPOT ARM W/I,8270parts.pdf#page=20
18,RESPOT CELL NUMBER 7 ASSEMBLY,20,21,40,792506033,INSERT-RESPOT/ SQUARE HOLE,8270parts.pdf#page=20
18,RESPOT CELL NUMBER 7 ASSEMBLY,20,21,19A,610704026,KIT-#7RESPT LVR ASSEMBLY,8270parts.pdf#page=20
18,RESPOT CELL NUMBER 7 ASSEMBLY,20,21,41,610704001,RESPOT CELL FGR KIT,8270parts.pdf#page=20
18,RESPOT CELL NUMBER 7 ASSEMBLY,20,21,610704103,SPRING,ROLLER PIN REPAIR KIT,8270parts.pdf#page=20
20,TABLE TORQUE TUBE ASSEMBLY-NEW,22,22,1,070001852,LEVER TABLE ARM,8270parts.pdf#page=22
20,TABLE TORQUE TUBE ASSEMBLY-NEW,22,22,20,770011010,TYRAP 14.19 INCH LG,8270parts.pdf#page=22
20,TABLE TORQUE TUBE ASSEMBLY-NEW,22,22,2,070001852,LEVER TABLE ARM,8270parts.pdf#page=22
20,TABLE TORQUE TUBE ASSEMBLY-NEW,22,22,21,000022782,SPRING COUNTER BAL,8270parts.pdf#page=22
20,TABLE TORQUE TUBE ASSEMBLY-NEW,22,22,3,070001853,SPRING,8270parts.pdf#page=22
20,TABLE TORQUE TUBE ASSEMBLY-NEW,22,22,22,000022811,PILLOW BLOCK,8270parts.pdf#page=22
20,TABLE TORQUE TUBE ASSEMBLY-NEW,22,22,4,070001854,SCREW-ADJUSTING,8270parts.pdf#page=22
20,TABLE TORQUE TUBE ASSEMBLY-NEW,22,22,23,710501009,FITTNG-ALMTE*3006,8270parts.pdf#page=22
20,TABLE TORQUE TUBE ASSEMBLY-NEW,22,22,5,070001591,PIN-HOOK SPOT,8270parts.pdf#page=22
20,TABLE TORQUE TUBE ASSEMBLY-NEW,22,22,24,070001668,ROLLER-SPRING,8270parts.pdf#page=22
20,TABLE TORQUE TUBE ASSEMBLY-NEW,22,22,6,000026042,SWITCH-MICRO,8270parts.pdf#page=22
20,TABLE TORQUE TUBE ASSEMBLY-NEW,22,22,24A,090003795,ROLLER-PLASTIC,8270parts.pdf#page=22
20,TABLE TORQUE TUBE ASSEMBLY-NEW,22,22,7,818227202,SCREW-SMRD 6-32X1 1/4,8270parts.pdf#page=22
20,TABLE TORQUE TUBE ASSEMBLY-NEW,22,22,25,945867242,WASHER-13/32X1 1/2,8270parts.pdf#page=22
20,TABLE TORQUE TUBE ASSEMBLY-NEW,22,22,8,843127002,NUT-KEP 6-32 WASH,8270parts.pdf#page=22
20,TABLE TORQUE TUBE ASSEMBLY-NEW,22,22,26,809881640,SCREW-HEX HDCAP5/8-11X4,8270parts.pdf#page=22
20,TABLE TORQUE TUBE ASSEMBLY-NEW,22,22,9,839549002,NUT-FLX-TK 1/4-20 HT,8270parts.pdf#page=22
20,TABLE TORQUE TUBE ASSEMBLY-NEW,22,22,27,809865245,SCREW-HEX 3/8-16X1 1/2,8270parts.pdf#page=22
20,TABLE TORQUE TUBE ASSEMBLY-NEW,22,22,10,963400002,WASHER-X 3/16 9000-12,8270parts.pdf#page=22
20,TABLE TORQUE TUBE ASSEMBLY-NEW,22,22,28,809869325,SCREW-HEXHDCAP7/16-14X2,8270parts.pdf#page=22
20,TABLE TORQUE TUBE ASSEMBLY-NEW,22,22,11,610704003,TORQ TUBE CONVERSION KIT,8270parts.pdf#page=22
20,TABLE TORQUE TUBE ASSEMBLY-NEW,22,22,29,840065002,NUT-FLX-TN 3/8-16,8270parts.pdf#page=22
20,TABLE TORQUE TUBE ASSEMBLY-NEW,22,22,12,070007296,TABLE SUPPORT ASSYLH,8270parts.pdf#page=22
20,TABLE TORQUE TUBE ASSEMBLY-NEW,22,22,30,844081002,NUT-STVR-LK 5/8-11,8270parts.pdf#page=22
20,TABLE TORQUE TUBE ASSEMBLY-NEW,22,22,13,070007295,TABLE SUPPORT ASSYRH,8270parts.pdf#page=22
20,TABLE TORQUE TUBE ASSEMBLY-NEW,22,22,31,949100002,WASHER-59/64X15/32,8270parts.pdf#page=22
20,TABLE TORQUE TUBE ASSEMBLY-NEW,22,22,14,070007303,SPACER-FRONT END,8270parts.pdf#page=22
20,TABLE TORQUE TUBE ASSEMBLY-NEW,22,22,32,809869245,SCREW-HEX 7/16-14X1 1/2,8270parts.pdf#page=22
20,TABLE TORQUE TUBE ASSEMBLY-NEW,22,22,15,070007302,SPACER-FRONT END,8270parts.pdf#page=22
20,TABLE TORQUE TUBE ASSEMBLY-NEW,22,22,33,000023646,SHIM YOKE,8270parts.pdf#page=22
20,TABLE TORQUE TUBE ASSEMBLY-NEW,22,22,16,070007752,SPACER,8270parts.pdf#page=22
20,TABLE TORQUE TUBE ASSEMBLY-NEW,22,22,34,030003938,STRAP PILLOW BLOCK,8270parts.pdf#page=22
20,TABLE TORQUE TUBE ASSEMBLY-NEW,22,22,17,070002698,BEARING SR.625X1.562X7/8,8270parts.pdf#page=22
20,TABLE TORQUE TUBE ASSEMBLY-NEW,22,22,35,612070012,COUNTERBALANCE SPRING EYE REPAIR KIT,8270parts.pdf#page=22
20,TABLE TORQUE TUBE ASSEMBLY-NEW,22,22,18,919000700BG,RING - RET (BAG 10),8270parts.pdf#page=22
20,TABLE TORQUE TUBE ASSEMBLY-NEW,22,22,19,070008182,BLOCK-BEARING,8270parts.pdf#page=22
20,TABLE TORQUE TUBE ASSEMBLY-NEW,22,22,NOT SHOWN,610704103,SPRING ROLLER PIN REPAIR KIT,8270parts.pdf#page=22
20,TABLE TORQUE TUBE ASSEMBLY-NEW,22,22,000021784,PACMAN,WASHER/ SLOT WASHER,8270parts.pdf#page=22
20,TABLE TORQUE TUBE ASSEMBLY-NEW,22,23,1,070001852,LEVER TABLE ARM,8270parts.pdf#page=22
20,TABLE TORQUE TUBE ASSEMBLY-NEW,22,23,19,070008182,BLOCK BEARING,8270parts.pdf#page=22
20,TABLE TORQUE TUBE ASSEMBLY-NEW,22,23,2,070001852,LEVER TABLE ARM,8270parts.pdf#page=22
20,TABLE TORQUE TUBE ASSEMBLY-NEW,22,23,20,770011010,TYRAP 14.19 INCH LONG,8270parts.pdf#page=22
20,TABLE TORQUE TUBE ASSEMBLY-NEW,22,23,3,070001853,SPRING,8270parts.pdf#page=22
20,TABLE TORQUE TUBE ASSEMBLY-NEW,22,23,21,000022782,SPRING COUNTER BAL,8270parts.pdf#page=22
20,TABLE TORQUE TUBE ASSEMBLY-NEW,22,23,4,070001854,SCREW ADJUSTING,8270parts.pdf#page=22
20,TABLE TORQUE TUBE ASSEMBLY-NEW,22,23,22,000022811,PILLOW BLOCK,8270parts.pdf#page=22
20,TABLE TORQUE TUBE ASSEMBLY-NEW,22,23,5,070001591,PIN-HOOK SPOT,8270parts.pdf#page=22
20,TABLE TORQUE TUBE ASSEMBLY-NEW,22,23,23,070007296,TABLE SUPPORT ASSEMBLY LH,8270parts.pdf#page=22
20,TABLE TORQUE TUBE ASSEMBLY-NEW,22,23,5A,880457240,SCREW SHLD 3/8X1 - OBS 070007295 TABLE SUPPORT ASSEMBLY RH,8270parts.pdf#page=22
20,TABLE TORQUE TUBE ASSEMBLY-NEW,22,23,5B,839057002,NUT HEX ESN TM 5116-18,8270parts.pdf#page=22
20,TABLE TORQUE TUBE ASSEMBLY-NEW,22,23,24,070001668,ROLLER-SPRING,8270parts.pdf#page=22
20,TABLE TORQUE TUBE ASSEMBLY-NEW,22,23,6,000026042,SWITCH MICRO,8270parts.pdf#page=22
20,TABLE TORQUE TUBE ASSEMBLY-NEW,22,23,25,945867242,WASHER-13/32X1 1/2,8270parts.pdf#page=22
20,TABLE TORQUE TUBE ASSEMBLY-NEW,22,23,7,818227202,SCREW SMRD 6-32X1 1/4,8270parts.pdf#page=22
20,TABLE TORQUE TUBE ASSEMBLY-NEW,22,23,26,913456320,PIN-SPRING .312X2,8270parts.pdf#page=22
20,TABLE TORQUE TUBE ASSEMBLY-NEW,22,23,8,843127002,NUT-KEP 6-32 WASH,8270parts.pdf#page=22
20,TABLE TORQUE TUBE ASSEMBLY-NEW,22,23,27,809865245,SCREW-HX 3/8-16X1 1/2,8270parts.pdf#page=22
20,TABLE TORQUE TUBE ASSEMBLY-NEW,22,23,9,839549002,NUT-FLX-TK 1/4-20 HT,8270parts.pdf#page=22
20,TABLE TORQUE TUBE ASSEMBLY-NEW,22,23,28,070001909,SCREW-SET-NYLON TIP,8270parts.pdf#page=22
20,TABLE TORQUE TUBE ASSEMBLY-NEW,22,23,10,963400002,WASHER-X 3/16 9000-12,8270parts.pdf#page=22
20,TABLE TORQUE TUBE ASSEMBLY-NEW,22,23,29,840065002,NUT-FLX TN 3/8-16,8270parts.pdf#page=22
20,TABLE TORQUE TUBE ASSEMBLY-NEW,22,23,11,610704003,TORQUE TUBE CONVERSION KIT,8270parts.pdf#page=22
20,TABLE TORQUE TUBE ASSEMBLY-NEW,22,23,30,844069002,NUT SVR-LK 7/16-14,8270parts.pdf#page=22
20,TABLE TORQUE TUBE ASSEMBLY-NEW,22,23,12,070007296,TABLE SUPPORT ASSEMBLY LH,8270parts.pdf#page=22
20,TABLE TORQUE TUBE ASSEMBLY-NEW,22,23,31,949100002,WASHER 59/64-15/32-1/,8270parts.pdf#page=22
20,TABLE TORQUE TUBE ASSEMBLY-NEW,22,23,16,070007295,TABLE SUPPORT ASSEMBLY RH,8270parts.pdf#page=22
20,TABLE TORQUE TUBE ASSEMBLY-NEW,22,23,32,070007296,TABLE SUPPORT ASSEMBLY LH,8270parts.pdf#page=22
20,TABLE TORQUE TUBE ASSEMBLY-NEW,22,23,13,070007296,TABLE SUPPORT ASSEMBLY LH 070007295 TABLE SUPPORT ASSEMBLY RH,8270parts.pdf#page=22
20,TABLE TORQUE TUBE ASSEMBLY-NEW,22,23,33,900110403,BRG SL .628X2 1/2 LG,8270parts.pdf#page=22
20,TABLE TORQUE TUBE ASSEMBLY-NEW,22,23,14,070001583,PIN-FRONT END ASY,8270parts.pdf#page=22
20,TABLE TORQUE TUBE ASSEMBLY-NEW,22,23,34,070007296,TABLE SUPPORT ASSEMBLY LH,8270parts.pdf#page=22
20,TABLE TORQUE TUBE ASSEMBLY-NEW,22,23,15,070007302,SPACER FRONTEND 070007295 TABLE SUPPORT ASSEMBLY RH,8270parts.pdf#page=22
20,TABLE TORQUE TUBE ASSEMBLY-NEW,22,23,16,919010700BG,RING - RET (BAG10),8270parts.pdf#page=22
20,TABLE TORQUE TUBE ASSEMBLY-NEW,22,23,35,809869365,SCR-HX 7/16-14X2 1/4,8270parts.pdf#page=22
20,TABLE TORQUE TUBE ASSEMBLY-NEW,22,23,17,070007296,TABLE SUPPORT ASSEMBLY LH,8270parts.pdf#page=22
20,TABLE TORQUE TUBE ASSEMBLY-NEW,22,23,36,809869445,SCR-HX 7/16-14X2 3/,8270parts.pdf#page=22
20,TABLE TORQUE TUBE ASSEMBLY-NEW,22,23,4,070007295,TABLE SUPPORT ASSEMBLY RH,8270parts.pdf#page=22
20,TABLE TORQUE TUBE ASSEMBLY-NEW,22,23,37,070001924,BRG-FL .753X.9395X.58,8270parts.pdf#page=22
20,TABLE TORQUE TUBE ASSEMBLY-NEW,22,23,18,070007296,TABLE SUPPORT ASSEMBLY LH,8270parts.pdf#page=22
20,TABLE TORQUE TUBE ASSEMBLY-NEW,22,23,38,070001926,PIN,8270parts.pdf#page=22
20,TABLE TORQUE TUBE ASSEMBLY-NEW,22,25,1,070006253,TUBE-CROSS LONG-BIN,8270parts.pdf#page=22
20,TABLE TORQUE TUBE ASSEMBLY-NEW,22,25,11,070006266,STRAP-SPRING-BIN,8270parts.pdf#page=22
20,TABLE TORQUE TUBE ASSEMBLY-NEW,22,25,2,070006254,TUBE-SIDE SHORT-BIN,8270parts.pdf#page=22
20,TABLE TORQUE TUBE ASSEMBLY-NEW,22,25,12,070006268,STRAP-BIN-SHUTLE ASSEMBLY,8270parts.pdf#page=22
20,TABLE TORQUE TUBE ASSEMBLY-NEW,22,25,3,070006255,TUBE-SIDE LONG-BIN 12A* STRAP-BIN-SHUTLE ASSEMBLY,8270parts.pdf#page=22
20,TABLE TORQUE TUBE ASSEMBLY-NEW,22,25,4,070006256,TUBE-OUTSIDE-BIN (NO LONGER AVAILABLE),8270parts.pdf#page=22
20,TABLE TORQUE TUBE ASSEMBLY-NEW,22,25,5,070006257,TUBE-CENTER-BIN,8270parts.pdf#page=22
20,TABLE TORQUE TUBE ASSEMBLY-NEW,22,25,13,808549240,SCREW-SOBT1/4-20 X 1 1/2,8270parts.pdf#page=22
20,TABLE TORQUE TUBE ASSEMBLY-NEW,22,25,6,070006258,TUBE-CROSS SHORT BIN,8270parts.pdf#page=22
20,TABLE TORQUE TUBE ASSEMBLY-NEW,22,25,13A,809849325,1/4-20 X 2 CAP SCREW,8270parts.pdf#page=22
20,TABLE TORQUE TUBE ASSEMBLY-NEW,22,25,7,070006259,BRKT-ARM-SHUTLE ASSEMBLY,8270parts.pdf#page=22
20,TABLE TORQUE TUBE ASSEMBLY-NEW,22,25,14,809849245,SCREW-HEX 1/4-20 X 1 1/2,8270parts.pdf#page=22
20,TABLE TORQUE TUBE ASSEMBLY-NEW,22,25,8,070006260,BUMPER-COUNTER-BIN,8270parts.pdf#page=22
20,TABLE TORQUE TUBE ASSEMBLY-NEW,22,25,15,809849285,SCREW-HEX 1/4-20 X 1 3/4,8270parts.pdf#page=22
20,TABLE TORQUE TUBE ASSEMBLY-NEW,22,25,9,070006261,CLAMP-END-BIN,8270parts.pdf#page=22
20,TABLE TORQUE TUBE ASSEMBLY-NEW,22,25,16,844049002,1/4-20 LOCK NUT,8270parts.pdf#page=22
20,TABLE TORQUE TUBE ASSEMBLY-NEW,22,25,10,070006265,PIN HOLDER,8270parts.pdf#page=22
20,TABLE TORQUE TUBE ASSEMBLY-NEW,22,25,19,070006390,SPACER,8270parts.pdf#page=22
20,TABLE TORQUE TUBE ASSEMBLY-NEW,22,25,20,070006447,SPRING-SHUTTLE ASSEMBLY,8270parts.pdf#page=22
24,BIN ASSEMBLY,26,27,1,070006351,ROD-BIN ASSEMBLY,8270parts.pdf#page=26
24,BIN ASSEMBLY,26,27,35,809849485,SCREW-HEX 1/4-20 X 3,8270parts.pdf#page=26
24,BIN ASSEMBLY,26,27,2,000026446,ROD END,8270parts.pdf#page=26
24,BIN ASSEMBLY,26,27,36,070006408,LEVER-BIN ASSEMBLY,8270parts.pdf#page=26
24,BIN ASSEMBLY,26,27,2A,090005250,ROD END,8270parts.pdf#page=26
24,BIN ASSEMBLY,26,27,37,907000600,KEY-HY PRO 706,8270parts.pdf#page=26
24,BIN ASSEMBLY,26,27,3,835566002,3/8-24 HEX STL THIN NUT,8270parts.pdf#page=26
24,BIN ASSEMBLY,26,27,38,070006402,SHAFT-BIN ASSEMBLY,8270parts.pdf#page=26
24,BIN ASSEMBLY,26,27,4,844065002,NUT-STVR 3/8-16,8270parts.pdf#page=26
24,BIN ASSEMBLY,26,27,39,070006386,TRACK ASSY L H,8270parts.pdf#page=26
24,BIN ASSEMBLY,26,27,5,809865165,SCREW-HEX 3/8-16 X 1,8270parts.pdf#page=26
24,BIN ASSEMBLY,26,27,40,000026251,BEARING RESPOT CELL,8270parts.pdf#page=26
24,BIN ASSEMBLY,26,27,6,809849085,SCREW-HEX 1/4-20 X 1/2,8270parts.pdf#page=26
24,BIN ASSEMBLY,26,27,41,813540082,SCREW-TRHD 10-32 X 1/2 CD,8270parts.pdf#page=26
24,BIN ASSEMBLY,26,27,7,844049002,1/4-20 LOCK NUT,8270parts.pdf#page=26
24,BIN ASSEMBLY,26,27,42,957100002,#10 EXT TOOTH LOCKWASHER. PLTD,8270parts.pdf#page=26
24,BIN ASSEMBLY,26,27,8,070006370,GUIDE-PIN-LH-BIN ASSEMBLY,8270parts.pdf#page=26
24,BIN ASSEMBLY,26,27,43,070006388,TRACK ASSY R H,8270parts.pdf#page=26
24,BIN ASSEMBLY,26,27,9,070006364,SPACER-BUT GUIDE-BIN,8270parts.pdf#page=26
24,BIN ASSEMBLY,26,27,44,070006369,GUIDE-PIN RH-BIN ASSEMBLY,8270parts.pdf#page=26
24,BIN ASSEMBLY,26,27,10,070006354,SHOCK MOUNT-BIN ASSEMBLY,8270parts.pdf#page=26
24,BIN ASSEMBLY,26,27,45,808549080,1/4-20 X 1/2 HEX SCKT BUTHD CAP,8270parts.pdf#page=26
24,BIN ASSEMBLY,26,27,11,070006353,GUIDE-PIN-BIN ASSEMBLY,8270parts.pdf#page=26
24,BIN ASSEMBLY,26,27,46,711516020,GRMT-ATL 1/2ID *2861,8270parts.pdf#page=26
24,BIN ASSEMBLY,26,27,12,070006359,BRKT-BIN ASSEMBLY,8270parts.pdf#page=26
24,BIN ASSEMBLY,26,27,47,000026043,SWITCH-MICRO,8270parts.pdf#page=26
24,BIN ASSEMBLY,26,27,13,000021992,BUMPER-GROMMET #2250,8270parts.pdf#page=26
24,BIN ASSEMBLY,26,27,48,000021575,INSULATOR,8270parts.pdf#page=26
24,BIN ASSEMBLY,26,27,14,070006371,BRKT-SUPT-BIN ASSEMBLY,8270parts.pdf#page=26
24,BIN ASSEMBLY,26,27,49,818227162,SCREW-SMRD 6-32 X 1,8270parts.pdf#page=26
24,BIN ASSEMBLY,26,27,15,070006360,CHANNEL LONG WELDMENT,8270parts.pdf#page=26
24,BIN ASSEMBLY,26,27,50,843127002,NUT-KEP 6-32 WASH,8270parts.pdf#page=26
24,BIN ASSEMBLY,26,27,16,809849125,SCREW-HEX 1/4-20 X 3/4,8270parts.pdf#page=26
24,BIN ASSEMBLY,26,27,51,948631062,WASHER #6 SAE FLAT WASHER,8270parts.pdf#page=26
24,BIN ASSEMBLY,26,27,17,948753102,WASHER-9/32 X 5/8 X 1/16,8270parts.pdf#page=26
24,BIN ASSEMBLY,26,27,52,070006142,BUMPER,8270parts.pdf#page=26
24,BIN ASSEMBLY,26,27,18,070006377,STRINGER 4 PIN L.H.,8270parts.pdf#page=26
24,BIN ASSEMBLY,26,27,53,809849605,SCREW-HEX 1/4-20 X 3 3/4,8270parts.pdf#page=26
24,BIN ASSEMBLY,26,27,19,070006372,STRINGER CTR RH,8270parts.pdf#page=26
24,BIN ASSEMBLY,26,27,54,900206091,BEARING FL. (.562 X .688 X .378),8270parts.pdf#page=26
24,BIN ASSEMBLY,26,27,20,070006373,STRINGER #1 PIN LH,8270parts.pdf#page=26
24,BIN ASSEMBLY,26,27,55,070006356,SWITCH ACTUATOR-BIN,8270parts.pdf#page=26
24,BIN ASSEMBLY,26,27,21,070006376,STRINGER-OUTSIDE RH,8270parts.pdf#page=26
24,BIN ASSEMBLY,26,27,56,000022168,SPRING SWEEP BRAKE,8270parts.pdf#page=26
24,BIN ASSEMBLY,26,27,22,070006389,GUIDE-PIN 1,8270parts.pdf#page=26
24,BIN ASSEMBLY,26,27,57,070006108,SPACER-ROLER AY-DIST,8270parts.pdf#page=26
24,BIN ASSEMBLY,26,27,23,070006381,GUIDE-PIN 6-BIN ASSEMBLY,8270parts.pdf#page=26
24,BIN ASSEMBLY,26,27,58,070006272,SWITCH CABLE ASSM,8270parts.pdf#page=26
24,BIN ASSEMBLY,26,27,24,070006380,GUIDE-PIN 4-BIN ASSEMBLY,8270parts.pdf#page=26
24,BIN ASSEMBLY,26,27,59,744203014,CLAMP-BURNDY HP-6N,8270parts.pdf#page=26
24,BIN ASSEMBLY,26,27,25,809849285,SCREW-HEX 1/4-20 X 1 3/4,8270parts.pdf#page=26
24,BIN ASSEMBLY,26,27,60,818233082,SCREW-SMRD 8-32 X 1/2,8270parts.pdf#page=26
24,BIN ASSEMBLY,26,27,26,070006403,STUD-CLAMP-BIN ASSEMBLY,8270parts.pdf#page=26
24,BIN ASSEMBLY,26,27,61,843133002,NUT-KEP 8-32 WASH,8270parts.pdf#page=26
24,BIN ASSEMBLY,26,27,27,831565002,3/8-16 HEX STEEL MACHINE NUT,8270parts.pdf#page=26
24,BIN ASSEMBLY,26,27,62,070006366,SPACER-GUIDE PIN HED,8270parts.pdf#page=26
24,BIN ASSEMBLY,26,27,28,070006429,ARM CSTG ASSEMBLY LH & RH,8270parts.pdf#page=26
24,BIN ASSEMBLY,26,27,63,070006390,SPACER,8270parts.pdf#page=26
24,BIN ASSEMBLY,26,27,29,000029614,HEIM UNIBAL,8270parts.pdf#page=26
24,BIN ASSEMBLY,26,27,64,809849165,SCREW-HEX 1/4-20 X 1,8270parts.pdf#page=26
24,BIN ASSEMBLY,26,27,30,710501007,FITTNG-ALMTE 1792B,8270parts.pdf#page=26
24,BIN ASSEMBLY,26,27,65,840049002,NUT FLEX 1/4-20,8270parts.pdf#page=26
24,BIN ASSEMBLY,26,27,31,070006363,CHANNEL-SHORT,8270parts.pdf#page=26
24,BIN ASSEMBLY,26,27,66,746001016,CNECTR-STR #3302 1/2,8270parts.pdf#page=26
24,BIN ASSEMBLY,26,27,32,701329050,BEARING TH .8905 X 1.5 X 1/8,8270parts.pdf#page=26
24,BIN ASSEMBLY,26,27,67,070006365,SPACER-HEAD GUID.BIN,8270parts.pdf#page=26
24,BIN ASSEMBLY,26,27,33,070006358,BRKT ASSEMBLY-BIN ASSEMBLY,8270parts.pdf#page=26
24,BIN ASSEMBLY,26,27,68,070006384,BRKT-PIN 5,8270parts.pdf#page=26
24,BIN ASSEMBLY,26,27,34,900114101,BEARING SL .877 X 1.128 X 5/,8270parts.pdf#page=26
24,BIN ASSEMBLY,26,27,8,070006354,BIN SHOCK MOUNT 000023170 & 000023171 SWEEP BRACKET RH & LH,8270parts.pdf#page=26
24,BIN ASSEMBLY,26,27,2,MACHINES,070003195 & 090006136 SWEEP SHOCK MOUNT,8270parts.pdf#page=26
26,SWEEP ASSEMBLY,28,28,1*,610700156,C90 TO 82/70 SWEEP ROCKER ARM,8270parts.pdf#page=28
26,SWEEP ASSEMBLY,28,28,30,844057002,5/16-,8270parts.pdf#page=28
26,SWEEP ASSEMBLY,28,28,18,STOVER,LOCKNUT,8270parts.pdf#page=28
26,SWEEP ASSEMBLY,28,28,31,090007319,LINK ASSEMBLY SWEEP,8270parts.pdf#page=28
26,SWEEP ASSEMBLY,28,28,1A,090004010,SWEEP ROCKER ARM,8270parts.pdf#page=28
26,SWEEP ASSEMBLY,28,28,32,000023114,BEARING FL .628 X .8155 X.06,8270parts.pdf#page=28
26,SWEEP ASSEMBLY,28,28,2,070003162,CNECT ROD ASSEMBLY MTR,8270parts.pdf#page=28
26,SWEEP ASSEMBLY,28,28,33,070003184,SUPPORT-LINK ASSEMBLY-SWP,8270parts.pdf#page=28
26,SWEEP ASSEMBLY,28,28,3,070003159,TUBE-MOTOR ROD,8270parts.pdf#page=28
26,SWEEP ASSEMBLY,28,28,34,070003189,PIN-BEARING.SWEEP LINK,8270parts.pdf#page=28
26,SWEEP ASSEMBLY,28,28,4,090005260,END FITTING RH,8270parts.pdf#page=28
26,SWEEP ASSEMBLY,28,28,35,919010700,RING-RET. 5133-62,8270parts.pdf#page=28
26,SWEEP ASSEMBLY,28,28,5,710501013,GREASE FITTING,8270parts.pdf#page=28
26,SWEEP ASSEMBLY,28,28,36,070003103,PIN-BEARING.SWEEP LINK,8270parts.pdf#page=28
26,SWEEP ASSEMBLY,28,28,6,835574002,NUT-HEX-JAM 1/2-20 CD,8270parts.pdf#page=28
26,SWEEP ASSEMBLY,28,28,37,070003173,BEARING SL .438 X .624 X 2 “LG”,8270parts.pdf#page=28
26,SWEEP ASSEMBLY,28,28,7,835674002,NUT-HEX-JAM 1/2-20 LH,8270parts.pdf#page=28
26,SWEEP ASSEMBLY,28,28,38,949100002,WASHER-59/64 X 15/32,8270parts.pdf#page=28
26,SWEEP ASSEMBLY,28,28,8,090005261,END FITTING - LH,8270parts.pdf#page=28
26,SWEEP ASSEMBLY,28,28,39,070003235,SCREW-SWEEP LK. 7/16-14,8270parts.pdf#page=28
26,SWEEP ASSEMBLY,28,28,9,844073002,1/2-,8270parts.pdf#page=28
26,SWEEP ASSEMBLY,28,28,13,STOVER,LOCKNUT - OBS,8270parts.pdf#page=28
26,SWEEP ASSEMBLY,28,28,40,070007280,SWEEP LINK ASSEMBLY TELES,8270parts.pdf#page=28
26,SWEEP ASSEMBLY,28,28,10,070003245,SCREW-ROCK.ARM-SWEP.LK,8270parts.pdf#page=28
26,SWEEP ASSEMBLY,28,28,41,070007278,TUBE WELD LINK ASSY,8270parts.pdf#page=28
26,SWEEP ASSEMBLY,28,28,11,844069002,NUT-STVR-LK 7/16-14,8270parts.pdf#page=28
26,SWEEP ASSEMBLY,28,28,42,070007281,ROD END LINK ASSEMBLY,8270parts.pdf#page=28
26,SWEEP ASSEMBLY,28,28,12,809869365,SCREW-HEX 7/16-14 X 2-1/4,8270parts.pdf#page=28
26,SWEEP ASSEMBLY,28,28,43,070007282,ROD END LINK ASSEMBLY,8270parts.pdf#page=28
26,SWEEP ASSEMBLY,28,28,13,090005254,DR LINK CONN ROD ASY,8270parts.pdf#page=28
26,SWEEP ASSEMBLY,28,28,43A,090005257,ROD END MALE,8270parts.pdf#page=28
26,SWEEP ASSEMBLY,28,28,14,000025004,END FITTING RH,8270parts.pdf#page=28
26,SWEEP ASSEMBLY,28,28,44,070007283,BUMPER LINK ASSEMBLY,8270parts.pdf#page=28
26,SWEEP ASSEMBLY,28,28,14A,090005261,END FITTING - LH,8270parts.pdf#page=28
26,SWEEP ASSEMBLY,28,28,45,070007276,ROD LINK ASSEMBLY,8270parts.pdf#page=28
26,SWEEP ASSEMBLY,28,28,15,710501013,GREASE FITTING,8270parts.pdf#page=28
26,SWEEP ASSEMBLY,28,28,46,070003223,LINK-THREADED-SWEEP,8270parts.pdf#page=28
26,SWEEP ASSEMBLY,28,28,16,835570002,NUT-HEX-JAM 7/16-20HY,8270parts.pdf#page=28
26,SWEEP ASSEMBLY,28,28,47,835582002,5/8-18 UNF HEX THIN NUT- PLTD,8270parts.pdf#page=28
26,SWEEP ASSEMBLY,28,28,17,070003116,TUBE DR LINK CON ROD,8270parts.pdf#page=28
26,SWEEP ASSEMBLY,28,28,48,070003222,BRKT-SHOCK MOUNTING,8270parts.pdf#page=28
26,SWEEP ASSEMBLY,28,28,18,835670002,NUT-HEX-JAM 7/16-20LH,8270parts.pdf#page=28
26,SWEEP ASSEMBLY,28,28,49,070003106,SHAFT MAIN PIVOT,8270parts.pdf#page=28
26,SWEEP ASSEMBLY,28,28,19,000025005,END FITTING LH,8270parts.pdf#page=28
26,SWEEP ASSEMBLY,28,28,50,070003233,SPACER-SWEEP LINK LH,8270parts.pdf#page=28
26,SWEEP ASSEMBLY,28,28,19A,090005265,END FITTING LH,8270parts.pdf#page=28
26,SWEEP ASSEMBLY,28,28,51,070003232,SPACER-LONG SWP LK L,8270parts.pdf#page=28
26,SWEEP ASSEMBLY,28,28,20,070003231,PIN BEARING,8270parts.pdf#page=28
26,SWEEP ASSEMBLY,28,28,52,070003195,SHOCK MOUNT,8270parts.pdf#page=28
26,SWEEP ASSEMBLY,28,28,21,070003117,SPACER DRIVE LINK,8270parts.pdf#page=28
26,SWEEP ASSEMBLY,28,28,52A,090006136,SHOCK MOUNT- 90S/8800S,8270parts.pdf#page=28
26,SWEEP ASSEMBLY,28,28,22,070003234,BEARING FL .437 X .75 X .62 LG,8270parts.pdf#page=28
26,SWEEP ASSEMBLY,28,28,53,070003190,BRKT-SHOCK RH-SWEEP,8270parts.pdf#page=28
26,SWEEP ASSEMBLY,28,28,23,070003158,LINK-DRIVE ASSEMBLY-SWEEP,8270parts.pdf#page=28
26,SWEEP ASSEMBLY,28,28,54,070003191,BRKT-SHOCK LH-SWEEP,8270parts.pdf#page=28
26,SWEEP ASSEMBLY,28,28,24,000023104,BEARING FL 1.25 X 1.5 X .953,8270parts.pdf#page=28
26,SWEEP ASSEMBLY,28,28,55,000022811,PILLOW BLOCK,8270parts.pdf#page=28
26,SWEEP ASSEMBLY,28,28,25,000023105,BEARING-SLV .628 X .815 X .396,8270parts.pdf#page=28
26,SWEEP ASSEMBLY,28,28,56,809869405,SCREW-HEX 7/16-14 X 2-1/2,8270parts.pdf#page=28
26,SWEEP ASSEMBLY,28,28,26,070003221,SCREW-SWEEP LINK ASSEMBLY,8270parts.pdf#page=28
26,SWEEP ASSEMBLY,28,28,57,809865285,SCREW-HEX 3/8-16 X 1-3/4,8270parts.pdf#page=28
26,SWEEP ASSEMBLY,28,28,27,839665002,NUT-FLX 3/8-16,8270parts.pdf#page=28
26,SWEEP ASSEMBLY,28,28,58,809865565,SCREW-HEX 3/8-16 X 3-1/2,8270parts.pdf#page=28
26,SWEEP ASSEMBLY,28,28,28,070003238,LINK ASSEMBLY-SWP STAB.,8270parts.pdf#page=28
26,SWEEP ASSEMBLY,28,28,59,948761112,5/,8270parts.pdf#page=28
26,SWEEP ASSEMBLY,28,28,16,WROUGHT,WASHER,8270parts.pdf#page=28
26,SWEEP ASSEMBLY,28,28,29,000023279,BUMPER-URETHANE,8270parts.pdf#page=28
26,SWEEP ASSEMBLY,28,28,60,804557731,U-BOLT 5/16-18 X 4.440,8270parts.pdf#page=28
26,SWEEP ASSEMBLY,28,29,1,070001601,TIE ROD ASSEMBLY-RESPOT,8270parts.pdf#page=28
26,SWEEP ASSEMBLY,28,29,1,070007295,TABLE SUPPORT ASSY RH,8270parts.pdf#page=28
26,SWEEP ASSEMBLY,28,29,1A,090005251,TIE ROD ASSY RESPOT,8270parts.pdf#page=28
26,SWEEP ASSEMBLY,28,29,1A,070007296,TABLE SUPPORT ASSY LH,8270parts.pdf#page=28
26,SWEEP ASSEMBLY,28,29,2,090005252,TIE ROD ASY-SPOTTING,8270parts.pdf#page=28
26,SWEEP ASSEMBLY,28,29,2,070007303,SPACER-FRONT END,8270parts.pdf#page=28
26,SWEEP ASSEMBLY,28,29,3,070001607,TIE ROD SPOT,8270parts.pdf#page=28
26,SWEEP ASSEMBLY,28,29,3,090005253,TIE ROD ASY-SPOTTING,8270parts.pdf#page=28
26,SWEEP ASSEMBLY,28,29,4,070001606,TIE ROD RESPOT,8270parts.pdf#page=28
26,SWEEP ASSEMBLY,28,29,4,070001557,TIE ROD,8270parts.pdf#page=28
26,SWEEP ASSEMBLY,28,29,5,000025004,END FITTING RH,8270parts.pdf#page=28
26,SWEEP ASSEMBLY,28,29,5A,090005264,END FITTING RH,8270parts.pdf#page=28
26,SWEEP ASSEMBLY,28,29,6,000025005,END FITTING LH,8270parts.pdf#page=28
26,SWEEP ASSEMBLY,28,29,6A,090005265,END FITTING LH,8270parts.pdf#page=28
26,SWEEP ASSEMBLY,28,29,7,835570002,NUT-HEX-JAM 7/16-20HY,8270parts.pdf#page=28
26,SWEEP ASSEMBLY,28,29,7,835570002,NUT-HEX-JAM 7/16-20RY,8270parts.pdf#page=28
26,SWEEP ASSEMBLY,28,29,8,835670002,NUT-HEX-JAM 7/16-20LH,8270parts.pdf#page=28
26,SWEEP ASSEMBLY,28,29,9,710501013,GREASE FITTING,8270parts.pdf#page=28
26,SWEEP ASSEMBLY,28,29,10,070006499,SPOT&RESPOT LINK ASSEMBLY - OBS,8270parts.pdf#page=28
26,SWEEP ASSEMBLY,28,29,10,070006399,WELD-CROSS BEAM - OBS,8270parts.pdf#page=28
26,SWEEP ASSEMBLY,28,29,11,809869365,SCREW-HEX 7/16-14 X 2 1/4,8270parts.pdf#page=28
26,SWEEP ASSEMBLY,28,29,11,809869325,SCREW-HEXHDCAP 7/16-14 X 2,8270parts.pdf#page=28
26,SWEEP ASSEMBLY,28,29,12,809869245,SCREW-HEX 7/16-14 X 1 1/2,8270parts.pdf#page=28
26,SWEEP ASSEMBLY,28,29,12,809869445,SCREW-HEX 7/16-14 X 2 3/4,8270parts.pdf#page=28
26,SWEEP ASSEMBLY,28,29,13,809869285,SCREW-HEX 7/16-14 X 1 3/4,8270parts.pdf#page=28
26,SWEEP ASSEMBLY,28,29,12A,809869365,SCREW-HEX 7/16-14 X 2 1/4,8270parts.pdf#page=28
26,SWEEP ASSEMBLY,28,29,14,844069002,NUT-STVR-LK 7/16-14,8270parts.pdf#page=28
26,SWEEP ASSEMBLY,28,29,13,844069002,NUT-STVR-LK 7/16-14,8270parts.pdf#page=28
26,SWEEP ASSEMBLY,28,29,15,949100002,WASHER-59/64 X 15/32,8270parts.pdf#page=28
26,SWEEP ASSEMBLY,28,29,14,949100002,WASHER-59/64 X 15/32,8270parts.pdf#page=28
26,SWEEP ASSEMBLY,28,29,16,070002578,LEVER ASSEMBLY SPOT,8270parts.pdf#page=28
26,SWEEP ASSEMBLY,28,29,17,070002727,LINK & BEARING ASSEMBLY CONNECTING ROD INSTALLATION,8270parts.pdf#page=28
26,SWEEP ASSEMBLY,28,29,18,070002728,CAM LINK BEARING ASSEMBLY,8270parts.pdf#page=28
26,SWEEP ASSEMBLY,28,29,1,070006495,SOLENOID SHUTTLE ASSEMBLY,8270parts.pdf#page=28
26,SWEEP ASSEMBLY,28,29,19,070002595,FINGER LINK ASSEMBLY - OBS,8270parts.pdf#page=28
26,SWEEP ASSEMBLY,28,29,2,070006350,BIN ASSEMBLY - OBS,8270parts.pdf#page=28
26,SWEEP ASSEMBLY,28,29,3,809865245,SCREW-HEX 3/8-16 X 1 1/2,8270parts.pdf#page=28
26,SWEEP ASSEMBLY,28,29,3A,090005253,TIE ROD ASSY,8270parts.pdf#page=28
26,SWEEP ASSEMBLY,28,29,4,840065002,NUT-FLX-TN 3/8-16,8270parts.pdf#page=28
28,SWEEP BAR MOUNTING ASSEMBLY,30,30,1,300000182,SWEEP BAR & CAP ASSEMBLY,8270parts.pdf#page=30
28,SWEEP BAR MOUNTING ASSEMBLY,30,30,9A,090001170,BRKT-SWEEP R.H.,8270parts.pdf#page=30
28,SWEEP BAR MOUNTING ASSEMBLY,30,30,2,030008361,BRKT-HANGER-SWEEP ASSEMBLY,8270parts.pdf#page=30
28,SWEEP BAR MOUNTING ASSEMBLY,30,30,10,000023182,SLIDE BAR,8270parts.pdf#page=30
28,SWEEP BAR MOUNTING ASSEMBLY,30,30,3,948722111,WASHER-PL 11/32BL OXID,8270parts.pdf#page=30
28,SWEEP BAR MOUNTING ASSEMBLY,30,30,11,948761112,5/,8270parts.pdf#page=30
28,SWEEP BAR MOUNTING ASSEMBLY,30,30,16,WROUGHT,WASHER,8270parts.pdf#page=30
28,SWEEP BAR MOUNTING ASSEMBLY,30,30,4,808557140,SCREW-SBHC 5/16-18 X 7/8,8270parts.pdf#page=30
28,SWEEP BAR MOUNTING ASSEMBLY,30,30,12,300000166,INSERT-SWEEP LOGO,8270parts.pdf#page=30
28,SWEEP BAR MOUNTING ASSEMBLY,30,30,5,000023171,STEEL SWEEP MTG BRKT LH,8270parts.pdf#page=30
28,SWEEP BAR MOUNTING ASSEMBLY,30,30,13,300000175,URETHANECAP-SWEEP BAR,8270parts.pdf#page=30
28,SWEEP BAR MOUNTING ASSEMBLY,30,30,5A,090001171,BRKT-SWEEP L.H.,8270parts.pdf#page=30
28,SWEEP BAR MOUNTING ASSEMBLY,30,30,14,938637100,POP RVT 3/16 AL DME HD,8270parts.pdf#page=30
28,SWEEP BAR MOUNTING ASSEMBLY,30,30,6,809857245,SCREW-HEX 5/16-18 X 1 1/2,8270parts.pdf#page=30
28,SWEEP BAR MOUNTING ASSEMBLY,30,30,15,749537068,WASHER,8270parts.pdf#page=30
28,SWEEP BAR MOUNTING ASSEMBLY,30,30,7,844057002,5/16-,8270parts.pdf#page=30
28,SWEEP BAR MOUNTING ASSEMBLY,30,30,18,STOVER,LOCKNUT,8270parts.pdf#page=30
28,SWEEP BAR MOUNTING ASSEMBLY,30,30,16,090006166,DECAL 82-90XL GLOW,8270parts.pdf#page=30
28,SWEEP BAR MOUNTING ASSEMBLY,30,30,8,830057002,NUT ACORN LOK5/16-18,8270parts.pdf#page=30
28,SWEEP BAR MOUNTING ASSEMBLY,30,30,17,610700150,SWEEPBAR KIT FOR MACHINE PAIR,8270parts.pdf#page=30
28,SWEEP BAR MOUNTING ASSEMBLY,30,30,9,000023170,STEEL SWEEP MTG BRACKET RH,8270parts.pdf#page=30
28,SWEEP BAR MOUNTING ASSEMBLY,30,31,29,DISTRIBUTOR,DRIVE SHAFT ASSEMBLY,8270parts.pdf#page=30
28,SWEEP BAR MOUNTING ASSEMBLY,30,31,1,070006101,DRIVE SHAFT-RH,8270parts.pdf#page=30
28,SWEEP BAR MOUNTING ASSEMBLY,30,31,9,070008004,UNIVERSAL JOINT-PLASTIC,8270parts.pdf#page=30
28,SWEEP BAR MOUNTING ASSEMBLY,30,31,2,000022369,DRIVE SHAFT-LH 9a,8270parts.pdf#page=30
28,SWEEP BAR MOUNTING ASSEMBLY,30,31,070007586,UNIVERSAL,JOINT-METAL,8270parts.pdf#page=30
28,SWEEP BAR MOUNTING ASSEMBLY,30,31,3,090002019,BALL - DISTRIBUTOR DRIVE,8270parts.pdf#page=30
28,SWEEP BAR MOUNTING ASSEMBLY,30,31,10,000027390,DIST DRIVE HOUSING,8270parts.pdf#page=30
28,SWEEP BAR MOUNTING ASSEMBLY,30,31,4,000029073,WASHER 10a 090001130 DIST DRIVE HOUSING 90/8800,8270parts.pdf#page=30
28,SWEEP BAR MOUNTING ASSEMBLY,30,31,5,000024892,RETAINER-BALL,8270parts.pdf#page=30
28,SWEEP BAR MOUNTING ASSEMBLY,30,31,11,807358060,SCREW-STSO5/16-24X3/8K,8270parts.pdf#page=30
28,SWEEP BAR MOUNTING ASSEMBLY,30,31,6,000022717,PIN-DRIVE SHAFT,8270parts.pdf#page=30
28,SWEEP BAR MOUNTING ASSEMBLY,30,31,12,700107146,ADHSVE-LKTTE - OBS,8270parts.pdf#page=30
28,SWEEP BAR MOUNTING ASSEMBLY,30,31,7,913423120,PIN-SPRNG.125 X 3/4,8270parts.pdf#page=30
28,SWEEP BAR MOUNTING ASSEMBLY,30,31,13,070006102,DRIVE SHAFT ASSEMBLY-RH 82/70,8270parts.pdf#page=30
28,SWEEP BAR MOUNTING ASSEMBLY,30,31,8,913437120,PIN-SPRNG.187 X 3/4 13a 000024893 DRIVE SHAFT ASSEMBLY-LH 82/,8270parts.pdf#page=30
28,SWEEP BAR MOUNTING ASSEMBLY,30,31,70,CLUTCH,ASSEMBLY,8270parts.pdf#page=30
28,SWEEP BAR MOUNTING ASSEMBLY,30,31,070009890,SIMPLIFIED,CLUTCH ASSEMBLY,8270parts.pdf#page=30
28,SWEEP BAR MOUNTING ASSEMBLY,30,31,612703015,SIMPLIFIED,CLUTCH WITH SHAFT KIT,8270parts.pdf#page=30
28,SWEEP BAR MOUNTING ASSEMBLY,30,31,678,PINION,GEAR,8270parts.pdf#page=30
28,SWEEP BAR MOUNTING ASSEMBLY,30,31,893,BUSHING,070-009-,8270parts.pdf#page=30
28,SWEEP BAR MOUNTING ASSEMBLY,30,31,891,CLUTCH,PLATE,8270parts.pdf#page=30
28,SWEEP BAR MOUNTING ASSEMBLY,30,31,896,SPRING,838-682-000 NUT,8270parts.pdf#page=30
28,SWEEP BAR MOUNTING ASSEMBLY,30,31,376,WASHER,070-009-,8270parts.pdf#page=30
28,SWEEP BAR MOUNTING ASSEMBLY,30,31,891,FRICTION,DISC 070-009-,8270parts.pdf#page=30
28,SWEEP BAR MOUNTING ASSEMBLY,30,31,892,CLUTCH,PLATE,8270parts.pdf#page=30
30,DISTRIBUTOR ASSEMBLY,32,33,1,070006051,ARM-DISTRIBUTOR,8270parts.pdf#page=32
30,DISTRIBUTOR ASSEMBLY,32,33,38,070006048,BOLT-SPECIAL,8270parts.pdf#page=32
30,DISTRIBUTOR ASSEMBLY,32,33,2,000022173,NUT-SPECIAL,8270parts.pdf#page=32
30,DISTRIBUTOR ASSEMBLY,32,33,39,070007376,WASHER-THRUST,8270parts.pdf#page=32
30,DISTRIBUTOR ASSEMBLY,32,33,3,070007119,DRIVE ARM ASSEMBLY,8270parts.pdf#page=32
30,DISTRIBUTOR ASSEMBLY,32,33,40,070006676,SLEEVE-DIST.DRIVE,8270parts.pdf#page=32
30,DISTRIBUTOR ASSEMBLY,32,33,4,070006052,DRIVE ARM,8270parts.pdf#page=32
30,DISTRIBUTOR ASSEMBLY,32,33,41,070006061,SHAFT-CAM SUPT-DIST.,8270parts.pdf#page=32
30,DISTRIBUTOR ASSEMBLY,32,33,5,070006111,SLEEVE-SPRING POST,8270parts.pdf#page=32
30,DISTRIBUTOR ASSEMBLY,32,33,42,070006679,BEARING SL .752 X .877 X 1.66,8270parts.pdf#page=32
30,DISTRIBUTOR ASSEMBLY,32,33,6,070006049,SHAFT-ARM-DIST.,8270parts.pdf#page=32
30,DISTRIBUTOR ASSEMBLY,32,33,43,610704005,PINION & SLEEVE ASSEMBLY,8270parts.pdf#page=32
30,DISTRIBUTOR ASSEMBLY,32,33,7,844073002,1/2-,8270parts.pdf#page=32
30,DISTRIBUTOR ASSEMBLY,32,33,13,STOVER,LOCKNUT,8270parts.pdf#page=32
30,DISTRIBUTOR ASSEMBLY,32,33,44,610704006,CLUTCH PLATE ASSEMBLY KIT,8270parts.pdf#page=32
30,DISTRIBUTOR ASSEMBLY,32,33,8,090005262,ROD LINK ASY,8270parts.pdf#page=32
30,DISTRIBUTOR ASSEMBLY,32,33,45,070006126,FRICTION DISC,8270parts.pdf#page=32
30,DISTRIBUTOR ASSEMBLY,32,33,9,070006066,ROD END-FEMALE-DIST.,8270parts.pdf#page=32
30,DISTRIBUTOR ASSEMBLY,32,33,46,070006130,CLUTCH PLATE,8270parts.pdf#page=32
30,DISTRIBUTOR ASSEMBLY,32,33,10,070006067,ROD-SAFETY LINK-DIST,8270parts.pdf#page=32
30,DISTRIBUTOR ASSEMBLY,32,33,47,070006125,WORM-ADJUSTING-DIST,8270parts.pdf#page=32
30,DISTRIBUTOR ASSEMBLY,32,33,11,070006068,SUPPORT-SPRING-DIST.,8270parts.pdf#page=32
30,DISTRIBUTOR ASSEMBLY,32,33,48,070006128,SPRING ASSEMBLY-DIST.DR.,8270parts.pdf#page=32
30,DISTRIBUTOR ASSEMBLY,32,33,12,831565002,3/8-14 EX STEEL MACHINE NUT,8270parts.pdf#page=32
30,DISTRIBUTOR ASSEMBLY,32,33,49,070006121,WASHER-DIST.CLUTCH,8270parts.pdf#page=32
30,DISTRIBUTOR ASSEMBLY,32,33,13,070006069,NUT-SPECIAL-DIST,8270parts.pdf#page=32
30,DISTRIBUTOR ASSEMBLY,32,33,50,835582002,5/8-18 UNF HEX THIN NUT- PLTD,8270parts.pdf#page=32
30,DISTRIBUTOR ASSEMBLY,32,33,14,070006071,CAM FOLLOWER-DIST.,8270parts.pdf#page=32
30,DISTRIBUTOR ASSEMBLY,32,33,51,913437140,PIN-SPRNG .187 X 7/8,8270parts.pdf#page=32
30,DISTRIBUTOR ASSEMBLY,32,33,15,844050002,NUT-STVR-LK 1/4-28,8270parts.pdf#page=32
30,DISTRIBUTOR ASSEMBLY,32,33,52,070006149,CAM-INDEX-DIST.,8270parts.pdf#page=32
30,DISTRIBUTOR ASSEMBLY,32,33,16,070006034,SPRING-LINEAR-DIST.,8270parts.pdf#page=32
30,DISTRIBUTOR ASSEMBLY,32,33,53,090006668,TRIP STOP ROD AND SUPPORT CASTING ASSY,8270parts.pdf#page=32
30,DISTRIBUTOR ASSEMBLY,32,33,17,809849100,SCREW-HEX 1/4-20 X 5/8,8270parts.pdf#page=32
30,DISTRIBUTOR ASSEMBLY,32,33,54,090006663,TRIP STOP ROD ASSY,8270parts.pdf#page=32
30,DISTRIBUTOR ASSEMBLY,32,33,18,070006136,CASTING & BEARING AS,8270parts.pdf#page=32
30,DISTRIBUTOR ASSEMBLY,32,33,55,090006665,CSTG-TRIP SUPT-DIST SLOT,8270parts.pdf#page=32
30,DISTRIBUTOR ASSEMBLY,32,33,19,070006076,BEARING-NEEDLE OPEN END,8270parts.pdf#page=32
30,DISTRIBUTOR ASSEMBLY,32,33,56,913415090,PIN SPRNG .094 X 9/16,8270parts.pdf#page=32
30,DISTRIBUTOR ASSEMBLY,32,33,20,070006075,BEARING ND CLSD END 1“LG”,8270parts.pdf#page=32
30,DISTRIBUTOR ASSEMBLY,32,33,57,809849125,SCREW-HEX 1/4-20 X 3/4,8270parts.pdf#page=32
30,DISTRIBUTOR ASSEMBLY,32,33,21,070006074,BEARING-NEEDLE THRUST,8270parts.pdf#page=32
30,DISTRIBUTOR ASSEMBLY,32,33,58,844049002,1/4-20 LOCK NUT,8270parts.pdf#page=32
30,DISTRIBUTOR ASSEMBLY,32,33,22,070006073,WASHER-THRUST,8270parts.pdf#page=32
30,DISTRIBUTOR ASSEMBLY,32,33,59,070006691,STOP BLADES TRP ARM,8270parts.pdf#page=32
30,DISTRIBUTOR ASSEMBLY,32,33,23,919004200,RING-RET. 5008-212,8270parts.pdf#page=32
30,DISTRIBUTOR ASSEMBLY,32,33,60,070006084,BRKT-TRIP STOP,8270parts.pdf#page=32
30,DISTRIBUTOR ASSEMBLY,32,33,24,070006064,SPACER-BEARING-DIST.,8270parts.pdf#page=32
30,DISTRIBUTOR ASSEMBLY,32,33,61,000026865,WASHER,8270parts.pdf#page=32
30,DISTRIBUTOR ASSEMBLY,32,33,25,000024679,BEARING BL .625 X 1.375,8270parts.pdf#page=32
30,DISTRIBUTOR ASSEMBLY,32,33,62,070006685,PIVOT-TRIP ASSEMBLY,8270parts.pdf#page=32
30,DISTRIBUTOR ASSEMBLY,32,33,26,919000600,RING-RET. 5000-137,8270parts.pdf#page=32
30,DISTRIBUTOR ASSEMBLY,32,33,62A,070006087,SLEEVE-PIVOT-TRIP,8270parts.pdf#page=32
30,DISTRIBUTOR ASSEMBLY,32,33,27,070006666,PULLEY-DIST.BELT DR,8270parts.pdf#page=32
30,DISTRIBUTOR ASSEMBLY,32,33,63,070007651,WASHER-NYLON-DIST,8270parts.pdf#page=32
30,DISTRIBUTOR ASSEMBLY,32,33,28,070006077,SHAFT-DRIVE-DIST.,8270parts.pdf#page=32
30,DISTRIBUTOR ASSEMBLY,32,33,64,070006142,BUMPER,8270parts.pdf#page=32
30,DISTRIBUTOR ASSEMBLY,32,33,29,914037206,SPIROL PIN 3/16 X 1 1/4,8270parts.pdf#page=32
30,DISTRIBUTOR ASSEMBLY,32,33,65,809849205,1/4-20 X 1 1/,8270parts.pdf#page=32
30,DISTRIBUTOR ASSEMBLY,32,33,4,MACHINE,SCREW,8270parts.pdf#page=32
30,DISTRIBUTOR ASSEMBLY,32,33,30,810239240,SCREW-SOC 10-24 X 1 1/2,8270parts.pdf#page=32
30,DISTRIBUTOR ASSEMBLY,32,33,66,701712097,BEARING SP .375 X .628 OI,8270parts.pdf#page=32
30,DISTRIBUTOR ASSEMBLY,32,33,31,840039002,NUT-FLX-TN 10-24,8270parts.pdf#page=32
30,DISTRIBUTOR ASSEMBLY,32,33,67,948753102,WASHER-9/32 X 5/8 X 1/16,8270parts.pdf#page=32
30,DISTRIBUTOR ASSEMBLY,32,33,32,948745082,WASHER- 7/32 X 1/2 X 1/16,8270parts.pdf#page=32
30,DISTRIBUTOR ASSEMBLY,32,33,68,090003077,ORIENTOR PAN ASSEMBLY DIST.,8270parts.pdf#page=32
30,DISTRIBUTOR ASSEMBLY,32,33,33,919005600,RING-RET. 5100-62,8270parts.pdf#page=32
30,DISTRIBUTOR ASSEMBLY,32,33,69,948975172,1/2 USS WROUGHT WASHER TYPE A,8270parts.pdf#page=32
30,DISTRIBUTOR ASSEMBLY,32,33,34,070006082,PIN-SPRING POST-DIST,8270parts.pdf#page=32
30,DISTRIBUTOR ASSEMBLY,32,33,134,809857080,SCREW-HEX 5/16-18 X 1/2,8270parts.pdf#page=32
30,DISTRIBUTOR ASSEMBLY,32,33,35,000026081,SLEEVE-SPRING POST,8270parts.pdf#page=32
30,DISTRIBUTOR ASSEMBLY,32,33,135,948761112,5/,8270parts.pdf#page=32
30,DISTRIBUTOR ASSEMBLY,32,33,16,WROUGHT,WASHER,8270parts.pdf#page=32
30,DISTRIBUTOR ASSEMBLY,32,33,36,919005300,RING-RET. 5100-37,8270parts.pdf#page=32
30,DISTRIBUTOR ASSEMBLY,32,33,37,070006065,CLAMP-RACE-DIST.,8270parts.pdf#page=32
30,DISTRIBUTOR ASSEMBLY,32,33,NOT SHOWN,070009890,SIMPLIFIED CLUTCH,8270parts.pdf#page=32
30,DISTRIBUTOR ASSEMBLY,32,33,612700001,CLUTCH,KIT,8270parts.pdf#page=32
30,DISTRIBUTOR ASSEMBLY,32,33,610704006,CLUTCH,REPAIR KIT 090006668 TRIP ROD & CAST ASSEMBLY,8270parts.pdf#page=32
30,DISTRIBUTOR ASSEMBLY,32,35,5,070006111,SLEEVE-SPRING POST,8270parts.pdf#page=32
30,DISTRIBUTOR ASSEMBLY,32,35,101,070006004,TUBE-DISTRIBUTOR,8270parts.pdf#page=32
30,DISTRIBUTOR ASSEMBLY,32,35,57,809849125,SCREW-HEX 1/4-20 X 3/4,8270parts.pdf#page=32
30,DISTRIBUTOR ASSEMBLY,32,35,102,070006035,SPRING-DIST.CARRIAGE,8270parts.pdf#page=32
30,DISTRIBUTOR ASSEMBLY,32,35,64,070006142,BUMPER,8270parts.pdf#page=32
30,DISTRIBUTOR ASSEMBLY,32,35,103,070006019,COLLAR-SPRING-DIST.,8270parts.pdf#page=32
30,DISTRIBUTOR ASSEMBLY,32,35,66,844049002,1/4-20 LOCK NUT,8270parts.pdf#page=32
30,DISTRIBUTOR ASSEMBLY,32,35,104,919006800,RING-RET. 5115-37,8270parts.pdf#page=32
30,DISTRIBUTOR ASSEMBLY,32,35,70*,070006757,82/70 DIST BELT BLACK ROUGH TOP,8270parts.pdf#page=32
30,DISTRIBUTOR ASSEMBLY,32,35,105,070011173,BALL JOINT 9/16,8270parts.pdf#page=32
30,DISTRIBUTOR ASSEMBLY,32,35,70A*,610709811,82/70 DIST BELT BLACK ROUGH TOP (FOR 3 BELTS),8270parts.pdf#page=32
30,DISTRIBUTOR ASSEMBLY,32,35,106,070006013,GUIDE-PIN-DIST.,8270parts.pdf#page=32
30,DISTRIBUTOR ASSEMBLY,32,35,70B*,610709812,82/70 DIST BELT WHITE NITRILE (FOR 3 BELTS),8270parts.pdf#page=32
30,DISTRIBUTOR ASSEMBLY,32,35,107,806249060,SCREW-STSQHD 1/4-20 X 3/8,8270parts.pdf#page=32
30,DISTRIBUTOR ASSEMBLY,32,35,70C*,070006152,82/70 DIST BELT WHITE NITRILE,8270parts.pdf#page=32
30,DISTRIBUTOR ASSEMBLY,32,35,108,070006055,CARRIAGE-FRONT-DIST.,8270parts.pdf#page=32
30,DISTRIBUTOR ASSEMBLY,32,35,71,070006036,LACING-DIST. BELT,8270parts.pdf#page=32
30,DISTRIBUTOR ASSEMBLY,32,35,109,070006137,GUARD-BELT-DIST.,8270parts.pdf#page=32
30,DISTRIBUTOR ASSEMBLY,32,35,72,070006037,PIN-DIST.BELT,8270parts.pdf#page=32
30,DISTRIBUTOR ASSEMBLY,32,35,110,913437140,PIN-SPRNG .187 X 7/8,8270parts.pdf#page=32
30,DISTRIBUTOR ASSEMBLY,32,35,73,070006683,TUBE ASSEMBLY-MIDLE-CARAG,8270parts.pdf#page=32
30,DISTRIBUTOR ASSEMBLY,32,35,111,835549002,1/4-20 JAM NUT,8270parts.pdf#page=32
30,DISTRIBUTOR ASSEMBLY,32,35,73A,070006022,TUBE ASSEMBLY-MIDDLE-DIST,8270parts.pdf#page=32
30,DISTRIBUTOR ASSEMBLY,32,35,112,840040002,NUT-FLX-TN *10-32,8270parts.pdf#page=32
30,DISTRIBUTOR ASSEMBLY,32,35,74,900106081,BEARING SL .378 X .503 X 1/2,8270parts.pdf#page=32
30,DISTRIBUTOR ASSEMBLY,32,35,113,701710098,BEARING SP .313,8270parts.pdf#page=32
30,DISTRIBUTOR ASSEMBLY,32,35,75,070006661,TRIP ROCKER ARM WELD,8270parts.pdf#page=32
30,DISTRIBUTOR ASSEMBLY,32,35,113A,900206091,BEARING FL. (.562 X .688 X .378),8270parts.pdf#page=32
30,DISTRIBUTOR ASSEMBLY,32,35,75A,070006028,ROCKER ARM-TRIP-DIST,8270parts.pdf#page=32
30,DISTRIBUTOR ASSEMBLY,32,35,114,070006106,BRKT-TRACKING-DIST,8270parts.pdf#page=32
30,DISTRIBUTOR ASSEMBLY,32,35,76,070001857,ROLLER-NYLON,8270parts.pdf#page=32
30,DISTRIBUTOR ASSEMBLY,32,35,115,070006109,LINK-ROLER ASSEMBLY-DIST,8270parts.pdf#page=32
30,DISTRIBUTOR ASSEMBLY,32,35,77,919005000,RING-RET. 5100-25,8270parts.pdf#page=32
30,DISTRIBUTOR ASSEMBLY,32,35,116,070006107,TUBE-BELT TIGHT-DIST,8270parts.pdf#page=32
30,DISTRIBUTOR ASSEMBLY,32,35,78,070011170,TRIP CABLE ASSY,8270parts.pdf#page=32
30,DISTRIBUTOR ASSEMBLY,32,35,117,809849605,SCREW HEX HD 1/4-20 X 3 1/4,8270parts.pdf#page=32
30,DISTRIBUTOR ASSEMBLY,32,35,79,070011171,CABLE ASSY,8270parts.pdf#page=32
30,DISTRIBUTOR ASSEMBLY,32,35,118,070006120,CARRIAGE SUPPRT TUBE,8270parts.pdf#page=32
30,DISTRIBUTOR ASSEMBLY,32,35,80,070006009,SUPPORT-BELT RUN.ASSEMBLY,8270parts.pdf#page=32
30,DISTRIBUTOR ASSEMBLY,32,35,119,913464280,PIN-SPRNG .375 X 1 3/4,8270parts.pdf#page=32
30,DISTRIBUTOR ASSEMBLY,32,35,81,810239160,SCREW-SOC 10-24 X 1,8270parts.pdf#page=32
30,DISTRIBUTOR ASSEMBLY,32,35,120,070006105,TUBE ASSEMBLY-DIST.CARAGE,8270parts.pdf#page=32
30,DISTRIBUTOR ASSEMBLY,32,35,82,840039002,NUT-FLX-TN 10-24,8270parts.pdf#page=32
30,DISTRIBUTOR ASSEMBLY,32,35,121,070006108,SPACER-ROLER AY-DIST,8270parts.pdf#page=32
30,DISTRIBUTOR ASSEMBLY,32,35,83,070006011,PULLEY ASSEMBLY-DIST.,8270parts.pdf#page=32
30,DISTRIBUTOR ASSEMBLY,32,35,122,070006118,BEARING-GRVD.ECCENT-DIST,8270parts.pdf#page=32
30,DISTRIBUTOR ASSEMBLY,32,35,84,000024679,BEARING BL .625 X 1.375,8270parts.pdf#page=32
30,DISTRIBUTOR ASSEMBLY,32,35,123,809849165,SCREW HEX HD 1/4-20 X 1,8270parts.pdf#page=32
30,DISTRIBUTOR ASSEMBLY,32,35,85,070006015,TRIP ARM ASSEMBLY R H,8270parts.pdf#page=32
30,DISTRIBUTOR ASSEMBLY,32,35,124,701849124,BEARING BL Ò THRD BORE,8270parts.pdf#page=32
30,DISTRIBUTOR ASSEMBLY,32,35,86,070006688,SUPPORT-CARRIAGE ASSEMBLY,8270parts.pdf#page=32
30,DISTRIBUTOR ASSEMBLY,32,35,125,070006117,BEARING-GRVD.CONCENT-DST,8270parts.pdf#page=32
30,DISTRIBUTOR ASSEMBLY,32,35,87,070006116,STUD-CLAMP,8270parts.pdf#page=32
30,DISTRIBUTOR ASSEMBLY,32,35,126,000026031,SPRING,8270parts.pdf#page=32
30,DISTRIBUTOR ASSEMBLY,32,35,88,834549002,"1/4-20 STEEL HEX NUT, PLTD",8270parts.pdf#page=32
30,DISTRIBUTOR ASSEMBLY,32,35,127,070006042,RUNNER-BELT-REAR,8270parts.pdf#page=32
30,DISTRIBUTOR ASSEMBLY,32,35,89,070006021,TUBE ASSEMBLY-FRONT-DIST.,8270parts.pdf#page=32
30,DISTRIBUTOR ASSEMBLY,32,35,128,070006103,SUPPORT GUIDE LH,8270parts.pdf#page=32
30,DISTRIBUTOR ASSEMBLY,32,35,91,070006016,TRIP ARM ASSEMBLY L H,8270parts.pdf#page=32
30,DISTRIBUTOR ASSEMBLY,32,35,129,070006104,SUPPORT GUIDE RH,8270parts.pdf#page=32
30,DISTRIBUTOR ASSEMBLY,32,35,92,070011172,BALL JOINT 7/16,8270parts.pdf#page=32
30,DISTRIBUTOR ASSEMBLY,32,35,130,070006139,SPACER-INNER-DIST.,8270parts.pdf#page=32
30,DISTRIBUTOR ASSEMBLY,32,35,93,070004176,BEARING RL DIST,8270parts.pdf#page=32
30,DISTRIBUTOR ASSEMBLY,32,35,131,070006140,SPACER-OUTER-DIST.,8270parts.pdf#page=32
30,DISTRIBUTOR ASSEMBLY,32,35,94,070006014,SHAFT-DISTRIBUTOR,8270parts.pdf#page=32
30,DISTRIBUTOR ASSEMBLY,32,35,132,809849885,SCREW-HEX 1/4-20 X 5 1/2,8270parts.pdf#page=32
30,DISTRIBUTOR ASSEMBLY,32,35,95,907000100,KEY-HY PRO 403,8270parts.pdf#page=32
30,DISTRIBUTOR ASSEMBLY,32,35,133,808549200,SCREW-SOBT1/4-20 X 1 1/4,8270parts.pdf#page=32
30,DISTRIBUTOR ASSEMBLY,32,35,96,070006659,SHAFT-CARRIAGE ASSEMBLY,8270parts.pdf#page=32
30,DISTRIBUTOR ASSEMBLY,32,35,136,813540082,SCREW-TRHD10-32 X 1/2 CD,8270parts.pdf#page=32
30,DISTRIBUTOR ASSEMBLY,32,35,97,807249160,SCREW-STSO 1/4-20 X 1 CP,8270parts.pdf#page=32
30,DISTRIBUTOR ASSEMBLY,32,35,137,957100002,#10 EXT TOOTH LOCKWASHER. PLTD,8270parts.pdf#page=32
30,DISTRIBUTOR ASSEMBLY,32,35,98,000022173,NUT-SPECIAL,8270parts.pdf#page=32
30,DISTRIBUTOR ASSEMBLY,32,35,138,000026251,BEARING RESPOT CELL,8270parts.pdf#page=32
30,DISTRIBUTOR ASSEMBLY,32,35,99,070006029,LINK-CONNECTING-DIST,8270parts.pdf#page=32
30,DISTRIBUTOR ASSEMBLY,32,35,138A,000025281,RIVETED BEARING- RESPOT CELL,8270parts.pdf#page=32
30,DISTRIBUTOR ASSEMBLY,32,35,100,070006672,CARRIAGE CSTG,8270parts.pdf#page=32
30,DISTRIBUTOR ASSEMBLY,32,35,139,610704032,DISTRIBUTOR ASSEMBLY,8270parts.pdf#page=32
36,KICKBACK ASSEMBLY,38,38,36,KICKBACK,ASSEMBLY,8270parts.pdf#page=38
36,KICKBACK ASSEMBLY,38,38,1,070011006,DOOR WELD RH,8270parts.pdf#page=38
36,KICKBACK ASSEMBLY,38,38,22A,000022795,BLOCK SUPPORT LH,8270parts.pdf#page=38
36,KICKBACK ASSEMBLY,38,38,2,070011642,RH URTH BALL DOOR RING,8270parts.pdf#page=38
36,KICKBACK ASSEMBLY,38,38,23,809865645,SCREW-HEX 3/8-16 X 4,8270parts.pdf#page=38
36,KICKBACK ASSEMBLY,38,38,2A,070011641,LH URTH BALL DOOR RNG,8270parts.pdf#page=38
36,KICKBACK ASSEMBLY,38,38,24,840065002,NUT-FLX-TN 3/8-16,8270parts.pdf#page=38
36,KICKBACK ASSEMBLY,38,38,3,000024668,TRACK SUPT BRKT,8270parts.pdf#page=38
36,KICKBACK ASSEMBLY,38,38,25,008100413,ADHSVE-,8270parts.pdf#page=38
36,KICKBACK ASSEMBLY,38,38,3M,EC1300,4 808857120 SCREW-SOFL 5/16-18 X 3/4,8270parts.pdf#page=38
36,KICKBACK ASSEMBLY,38,38,26,030008660,PANEL-KICKBACK,8270parts.pdf#page=38
36,KICKBACK ASSEMBLY,38,38,5,844057002,5/16-,8270parts.pdf#page=38
36,KICKBACK ASSEMBLY,38,38,18,STOVER,LOCKNUT,8270parts.pdf#page=38
36,KICKBACK ASSEMBLY,38,38,27,937000000,RVT-DRVE ALUM UNV HD,8270parts.pdf#page=38
36,KICKBACK ASSEMBLY,38,38,6,000029672,BRKT BEARING ASSEMBLY RH,8270parts.pdf#page=38
36,KICKBACK ASSEMBLY,38,38,28,070011286,BUSHING-CURTAIN ROD,8270parts.pdf#page=38
36,KICKBACK ASSEMBLY,38,38,6A,000022249,BRKT ASSEMBLY-LH,8270parts.pdf#page=38
36,KICKBACK ASSEMBLY,38,38,29,808549160,SCREW-SOBT 1/4-2 0X 1,8270parts.pdf#page=38
36,KICKBACK ASSEMBLY,38,38,7,000022924,SUPPORT-BEARING,8270parts.pdf#page=38
36,KICKBACK ASSEMBLY,38,38,30,844049002,1/4-20 LOCK NUT,8270parts.pdf#page=38
36,KICKBACK ASSEMBLY,38,38,8,900112203,BEARING SL .753 X 1 X 1 1/4,8270parts.pdf#page=38
36,KICKBACK ASSEMBLY,38,38,31,070006639,WASHER-C,8270parts.pdf#page=38
36,KICKBACK ASSEMBLY,38,38,9,710501009,FITTNG-ALMTE 3006,8270parts.pdf#page=38
36,KICKBACK ASSEMBLY,38,38,32,070007722,JACKSCREW 1/2-20 X 3,8270parts.pdf#page=38
36,KICKBACK ASSEMBLY,38,38,10,000021204,SPRING,8270parts.pdf#page=38
36,KICKBACK ASSEMBLY,38,38,33,000024624,SEGMENT-REAR RH,8270parts.pdf#page=38
36,KICKBACK ASSEMBLY,38,38,11,070001450,PIT SUPT BRKT-BDS,8270parts.pdf#page=38
36,KICKBACK ASSEMBLY,38,38,33A,000024623,SEGMENT-REAR LH,8270parts.pdf#page=38
36,KICKBACK ASSEMBLY,38,38,12,809865205,SCREW-HEX 3/8-16 X 1 1/4,8270parts.pdf#page=38
36,KICKBACK ASSEMBLY,38,38,34,000024625,SEGMENT-FRONT RH,8270parts.pdf#page=38
36,KICKBACK ASSEMBLY,38,38,13,839665002,NUT-FLX 3/8-16,8270parts.pdf#page=38
36,KICKBACK ASSEMBLY,38,38,34A,000024626,SEGMENT FRONT LH,8270parts.pdf#page=38
36,KICKBACK ASSEMBLY,38,38,14,000022878,ANGLE,8270parts.pdf#page=38
36,KICKBACK ASSEMBLY,38,38,35,808857160,SCREW-SOFL 5/16-18 X 1,8270parts.pdf#page=38
36,KICKBACK ASSEMBLY,38,38,15,809857125,SCREW-HEX 5/16-18 X 3/4,8270parts.pdf#page=38
36,KICKBACK ASSEMBLY,38,38,36,000022926,RETAINER SUPPORT,8270parts.pdf#page=38
36,KICKBACK ASSEMBLY,38,38,16,000027642,WASHER,8270parts.pdf#page=38
36,KICKBACK ASSEMBLY,38,38,37,844058002,5/16-24 LOCK NUT,8270parts.pdf#page=38
36,KICKBACK ASSEMBLY,38,38,17,000027641,BEARING TH .752 X 2.75 X .062,8270parts.pdf#page=38
36,KICKBACK ASSEMBLY,38,38,38,810258100,SCREW-SOC 5/16-24 X 5/8,8270parts.pdf#page=38
36,KICKBACK ASSEMBLY,38,38,18,919005800,RING-RET. 5100-75,8270parts.pdf#page=38
36,KICKBACK ASSEMBLY,38,38,39,000025207,SCREW-JACK-INSRT-LONG,8270parts.pdf#page=38
36,KICKBACK ASSEMBLY,38,38,19,000024890,JACKSCREW,8270parts.pdf#page=38
36,KICKBACK ASSEMBLY,38,38,40,000028362,BUMPER-URETHANE,8270parts.pdf#page=38
36,KICKBACK ASSEMBLY,38,38,20,000022788,BOX-SUPPORT,8270parts.pdf#page=38
36,KICKBACK ASSEMBLY,38,38,41,000024641,STOP BUMPER,8270parts.pdf#page=38
36,KICKBACK ASSEMBLY,38,38,21,000022300,SHIELD,8270parts.pdf#page=38
36,KICKBACK ASSEMBLY,38,38,42,000022796,CUSHION BLOCK-URETHANE-RH,8270parts.pdf#page=38
36,KICKBACK ASSEMBLY,38,38,22,000022794,BLOCK SUPPORT RH,8270parts.pdf#page=38
36,KICKBACK ASSEMBLY,38,38,42A,000022797,CUSHION BLOCK-URETHANE-LH,8270parts.pdf#page=38
36,KICKBACK ASSEMBLY,38,39,1,000024508,PIN EJECT ASSEMBLY RH,8270parts.pdf#page=38
36,KICKBACK ASSEMBLY,38,39,26,000022788,BOX-SUPPORT,8270parts.pdf#page=38
36,KICKBACK ASSEMBLY,38,39,27,000022300,SHIELD,8270parts.pdf#page=38
36,KICKBACK ASSEMBLY,38,39,2,000024511,BRKT ASSEMBLY-RH,8270parts.pdf#page=38
36,KICKBACK ASSEMBLY,38,39,28,000022795,BLOCK SUPPORT LH,8270parts.pdf#page=38
36,KICKBACK ASSEMBLY,38,39,28A,000022794,BLOCK SUPPORT RH,8270parts.pdf#page=38
36,KICKBACK ASSEMBLY,38,39,3,000025803,ROLLER-PIN EJEC ASSEMBLY,8270parts.pdf#page=38
36,KICKBACK ASSEMBLY,38,39,29,809865165,SCREW-HEX 3/8-16 X 1,8270parts.pdf#page=38
36,KICKBACK ASSEMBLY,38,39,4,000025804,SHAFT-PIN EJEC ASSEMBLY,8270parts.pdf#page=38
36,KICKBACK ASSEMBLY,38,39,30,809865645,SCREW-HEX 3/8-16 X 4,8270parts.pdf#page=38
36,KICKBACK ASSEMBLY,38,39,5,000024513,SPRING-RH,8270parts.pdf#page=38
36,KICKBACK ASSEMBLY,38,39,31,000021204,SPRING,8270parts.pdf#page=38
36,KICKBACK ASSEMBLY,38,39,32,000023431,CLIP BOTTOM RH,8270parts.pdf#page=38
36,KICKBACK ASSEMBLY,38,39,6,919005400,RING-RET. 5100-43,8270parts.pdf#page=38
36,KICKBACK ASSEMBLY,38,39,32A,000023432,CLIP BOTTOM LH,8270parts.pdf#page=38
36,KICKBACK ASSEMBLY,38,39,7,963600002,WASHER-X 1/4 9000-16,8270parts.pdf#page=38
36,KICKBACK ASSEMBLY,38,39,33,000023468,BRACKET,8270parts.pdf#page=38
36,KICKBACK ASSEMBLY,38,39,8,000029317,STOP-PIN,8270parts.pdf#page=38
36,KICKBACK ASSEMBLY,38,39,34,809849125,SCREW-HEX 1/4-20 X 3/4,8270parts.pdf#page=38
36,KICKBACK ASSEMBLY,38,39,9,000024515,BEARING SL .44 X .56 X 3/4,8270parts.pdf#page=38
36,KICKBACK ASSEMBLY,38,39,35,844049002,1/4-20 LOCK NUT,8270parts.pdf#page=38
36,KICKBACK ASSEMBLY,38,39,10,000024516,BEARING SL .44 X .56 X 3/8,8270parts.pdf#page=38
36,KICKBACK ASSEMBLY,38,39,36,000024890,JACKSCREW,8270parts.pdf#page=38
36,KICKBACK ASSEMBLY,38,39,11,000028334,PIN EJECTOR WASHER,8270parts.pdf#page=38
36,KICKBACK ASSEMBLY,38,39,37,000023467,BEARING FL .314 X .434 X .310,8270parts.pdf#page=38
36,KICKBACK ASSEMBLY,38,39,12,809857165,SCREW-HEX 5/16-18 X 1,8270parts.pdf#page=38
36,KICKBACK ASSEMBLY,38,39,38,844057002,5/16-,8270parts.pdf#page=38
36,KICKBACK ASSEMBLY,38,39,18,STOVER,LOCKNUT,8270parts.pdf#page=38
36,KICKBACK ASSEMBLY,38,39,13,000023821,SIDE CLIP WELD,8270parts.pdf#page=38
36,KICKBACK ASSEMBLY,38,39,39,070002027,PANEL,8270parts.pdf#page=38
36,KICKBACK ASSEMBLY,38,39,14,839665002,NUT-FLX 3/8-16,8270parts.pdf#page=38
36,KICKBACK ASSEMBLY,38,39,40,937000000,RVT-DRVE ALUM UNV HD,8270parts.pdf#page=38
36,KICKBACK ASSEMBLY,38,39,15,951164002,WASHER-LK-SPLIT 3/8,8270parts.pdf#page=38
36,KICKBACK ASSEMBLY,38,39,41,000022878,ANGLE,8270parts.pdf#page=38
36,KICKBACK ASSEMBLY,38,39,16,948767132,WASHER13/32 X 13/16 X 1/16,8270parts.pdf#page=38
36,KICKBACK ASSEMBLY,38,39,42,809857125,SCREW-HEX 5/16-18 X 3/4,8270parts.pdf#page=38
36,KICKBACK ASSEMBLY,38,39,17,000023465,SUPPORT WLDMNT-LH MACH RH SIDE,8270parts.pdf#page=38
36,KICKBACK ASSEMBLY,38,39,43,070001451,PIT SUPT BRKT-OBDS,8270parts.pdf#page=38
36,KICKBACK ASSEMBLY,38,39,000023464,SUPPORT,WLDMNT-RH MACH LH SIDE,8270parts.pdf#page=38
36,KICKBACK ASSEMBLY,38,39,44,844074002,NUT-STVR-LK 1/2-20,8270parts.pdf#page=38
36,KICKBACK ASSEMBLY,38,39,18,000022924,SUPPORT-BEARING,8270parts.pdf#page=38
36,KICKBACK ASSEMBLY,38,39,45,941072200,WASHER-1/2 X 1 1/2 X .083,8270parts.pdf#page=38
36,KICKBACK ASSEMBLY,38,39,19,000027645,BRKT.SUPT.ASSEMBLY LH,8270parts.pdf#page=38
36,KICKBACK ASSEMBLY,38,39,46,000029015,STUD-PIVOT,8270parts.pdf#page=38
36,KICKBACK ASSEMBLY,38,39,47,000026464,BRACKET-BACK END,8270parts.pdf#page=38
36,KICKBACK ASSEMBLY,38,39,20,008100413,ADHSVE-,8270parts.pdf#page=38
36,KICKBACK ASSEMBLY,38,39,3M,EC1300,48 709007037 BLT-TAPER 3/8X2 1/4,8270parts.pdf#page=38
36,KICKBACK ASSEMBLY,38,39,21,000027642,WASHER,8270parts.pdf#page=38
36,KICKBACK ASSEMBLY,38,39,48A,709130059,SCREW BOLT - OBS,8270parts.pdf#page=38
36,KICKBACK ASSEMBLY,38,39,22,000027641,BEARING TH .752 X 2.75 X .062,8270parts.pdf#page=38
36,KICKBACK ASSEMBLY,38,39,49,937738003,RVT-DRVE STL UNV HD,8270parts.pdf#page=38
36,KICKBACK ASSEMBLY,38,39,23,919005800,RING-RET. 5100-75 FOR REFERENCE,8270parts.pdf#page=38
36,KICKBACK ASSEMBLY,38,39,24,900112203,BEARING SL .753 X 1 X 1 1/,8270parts.pdf#page=38
36,KICKBACK ASSEMBLY,38,39,4,090004127,KICKPLATE WELDMENT LH/RHM,8270parts.pdf#page=38
36,KICKBACK ASSEMBLY,38,39,25,710501009,FITTNG-ALMTE,8270parts.pdf#page=38
36,KICKBACK ASSEMBLY,38,39,3006,090004128,KICKPLATE WELDMENT RH/LHM,8270parts.pdf#page=38
38,PIN ELEVATOR ASSEMBLY,40,40,1,000020855,RING WELDMENT,8270parts.pdf#page=40
38,PIN ELEVATOR ASSEMBLY,40,40,25,070006047,TUBE-SAFETY LINK,8270parts.pdf#page=40
38,PIN ELEVATOR ASSEMBLY,40,40,2,070001207,WHEEL GUARD - OBS,8270parts.pdf#page=40
38,PIN ELEVATOR ASSEMBLY,40,40,26,809865725,SCREW-HEX 3/8-16 X 4 1/2,8270parts.pdf#page=40
38,PIN ELEVATOR ASSEMBLY,40,40,3,830358002,NUT-AN 5/16-24 CD,8270parts.pdf#page=40
38,PIN ELEVATOR ASSEMBLY,40,40,27,913437280,PIN-SPRNG .187 X 1 3/4,8270parts.pdf#page=40
38,PIN ELEVATOR ASSEMBLY,40,40,4,938523030,RVT-POP 1/8 X .126-.187,8270parts.pdf#page=40
38,PIN ELEVATOR ASSEMBLY,40,40,28,831566002,NUT-HEX 3/8-24,8270parts.pdf#page=40
38,PIN ELEVATOR ASSEMBLY,40,40,5,070006098,RAIL-RH MACH.BK.END,8270parts.pdf#page=40
38,PIN ELEVATOR ASSEMBLY,40,40,29,948767132,WASHER 13/32 X 13/16 X 1/16,8270parts.pdf#page=40
38,PIN ELEVATOR ASSEMBLY,40,40,5A,070006099,RAIL LH MACH.BK.END,8270parts.pdf#page=40
38,PIN ELEVATOR ASSEMBLY,40,40,30,000029201,OILER BODY,8270parts.pdf#page=40
38,PIN ELEVATOR ASSEMBLY,40,40,6,000025331,BRKT-PIN HOLD RH,8270parts.pdf#page=40
38,PIN ELEVATOR ASSEMBLY,40,40,31,000029202,SPRING WICK,8270parts.pdf#page=40
38,PIN ELEVATOR ASSEMBLY,40,40,6A,000025330,BRKT-PIN HOLD LH,8270parts.pdf#page=40
38,PIN ELEVATOR ASSEMBLY,40,40,32,000029203,WICK PIN,8270parts.pdf#page=40
38,PIN ELEVATOR ASSEMBLY,40,40,7,938537060,RVT-POP DMED 3/16 DIA,8270parts.pdf#page=40
38,PIN ELEVATOR ASSEMBLY,40,40,33,809857165,SCREW-HEX 5/16-18 X 1,8270parts.pdf#page=40
38,PIN ELEVATOR ASSEMBLY,40,40,8,809858085,SCREW-HEX 5/16-24 X 1/2,8270parts.pdf#page=40
38,PIN ELEVATOR ASSEMBLY,40,40,34,844057002,5/16-,8270parts.pdf#page=40
38,PIN ELEVATOR ASSEMBLY,40,40,18,STOVER,LOCKNUT,8270parts.pdf#page=40
38,PIN ELEVATOR ASSEMBLY,40,40,9,000021211,ROLLER BEARING,8270parts.pdf#page=40
38,PIN ELEVATOR ASSEMBLY,40,40,35,801149897,1/4-20 X 3/,8270parts.pdf#page=40
38,PIN ELEVATOR ASSEMBLY,40,40,4,CARRIAGE,BOLT,8270parts.pdf#page=40
38,PIN ELEVATOR ASSEMBLY,40,40,10,000021210,PLATE-ROLLER,8270parts.pdf#page=40
38,PIN ELEVATOR ASSEMBLY,40,40,36,844049002,1/4-20 LOCK NUT,8270parts.pdf#page=40
38,PIN ELEVATOR ASSEMBLY,40,40,11,844074002,NUT-STVR-LK 1/2-20,8270parts.pdf#page=40
38,PIN ELEVATOR ASSEMBLY,40,40,37,070002005,BELT-DRIVE PIN ELEVT,8270parts.pdf#page=40
38,PIN ELEVATOR ASSEMBLY,40,40,12,809858125,SCREW-HEX 5/16-24 X 3/4,8270parts.pdf#page=40
38,PIN ELEVATOR ASSEMBLY,40,40,38,809857405,SCREW-HEX 5/16-18 X 2 1/2,8270parts.pdf#page=40
38,PIN ELEVATOR ASSEMBLY,40,40,13,000029068,RUBBER MOUNT,8270parts.pdf#page=40
38,PIN ELEVATOR ASSEMBLY,40,40,39,070008449,SPACER-DIST.SUPPORT,8270parts.pdf#page=40
38,PIN ELEVATOR ASSEMBLY,40,40,14,834557002,NUT HEX 5/16-18,8270parts.pdf#page=40
38,PIN ELEVATOR ASSEMBLY,40,40,40,700107170,ADHSVE-LKTE 609,8270parts.pdf#page=40
38,PIN ELEVATOR ASSEMBLY,40,40,15,948761112,5/,8270parts.pdf#page=40
38,PIN ELEVATOR ASSEMBLY,40,40,16,WROUGHT,WASHER,8270parts.pdf#page=40
38,PIN ELEVATOR ASSEMBLY,40,40,41,070001129,WHEEL ASSEMBLY RH,8270parts.pdf#page=40
38,PIN ELEVATOR ASSEMBLY,40,40,16,070001415,BRACKET-WHEEL,8270parts.pdf#page=40
38,PIN ELEVATOR ASSEMBLY,40,40,42,530702106,WHEEL ASSEMBLY LH-USED - OBS,8270parts.pdf#page=40
38,PIN ELEVATOR ASSEMBLY,40,40,17,000021992,BUMPER-GROMMET #2250,8270parts.pdf#page=40
38,PIN ELEVATOR ASSEMBLY,40,40,43,000026032,SPRING,8270parts.pdf#page=40
38,PIN ELEVATOR ASSEMBLY,40,40,18,809849125,SCREW-HEX 1/4-20 X 3/4,8270parts.pdf#page=40
38,PIN ELEVATOR ASSEMBLY,40,40,44,070006030,SPRING-SAFETY LINK,8270parts.pdf#page=40
38,PIN ELEVATOR ASSEMBLY,40,40,19,844049002,1/4-20 LOCK NUT,8270parts.pdf#page=40
38,PIN ELEVATOR ASSEMBLY,40,40,45,070006143,SPACER,8270parts.pdf#page=40
38,PIN ELEVATOR ASSEMBLY,40,40,20,070007357,CHANNEL SUPRT WELD,8270parts.pdf#page=40
38,PIN ELEVATOR ASSEMBLY,40,40,46,000022219,PIN ELEV GUARD ASSEMBLY,8270parts.pdf#page=40
38,PIN ELEVATOR ASSEMBLY,40,40,21,070006045,POST-DIST.SUPT.ASSEMBLY,8270parts.pdf#page=40
38,PIN ELEVATOR ASSEMBLY,40,40,47,000022222,BRKT-MTG-PIN ELV GRD,8270parts.pdf#page=40
38,PIN ELEVATOR ASSEMBLY,40,40,22,070006044,NUT-SPRING POST,8270parts.pdf#page=40
38,PIN ELEVATOR ASSEMBLY,40,40,48,801239160,BLT-CR 10-24 X 1 WO,8270parts.pdf#page=40
38,PIN ELEVATOR ASSEMBLY,40,40,23,070006043,SPACER-CLAMP,8270parts.pdf#page=40
38,PIN ELEVATOR ASSEMBLY,40,40,49,843139002,NUT-KEP 10-24,8270parts.pdf#page=40
38,PIN ELEVATOR ASSEMBLY,40,40,24,090005256,ROD-END-DISTRIBUTOR SUPPORT,8270parts.pdf#page=40
38,PIN ELEVATOR ASSEMBLY,40,41,39,000024597,LINK ASSEMBLY,8270parts.pdf#page=40
38,PIN ELEVATOR ASSEMBLY,40,41,1,070002084,BRKT-MOTOR RH FRONT,8270parts.pdf#page=40
38,PIN ELEVATOR ASSEMBLY,40,41,25,913437160,PIN-SPRNG .187 X 1,8270parts.pdf#page=40
38,PIN ELEVATOR ASSEMBLY,40,41,1A,070002214,BRKT-MOTOR LH FRONT,8270parts.pdf#page=40
38,PIN ELEVATOR ASSEMBLY,40,41,26,070002012,PIVOT SHAFT,8270parts.pdf#page=40
38,PIN ELEVATOR ASSEMBLY,40,41,2,070002074,BRKT-MOTOR RH REAR,8270parts.pdf#page=40
38,PIN ELEVATOR ASSEMBLY,40,41,27,807357080,SCREW-STSO5/16-18 X 1/2,8270parts.pdf#page=40
38,PIN ELEVATOR ASSEMBLY,40,41,2A,070002212,BRKT-MOTOR LH REAR,8270parts.pdf#page=40
38,PIN ELEVATOR ASSEMBLY,40,41,28,070002010,PAN-DRIP,8270parts.pdf#page=40
38,PIN ELEVATOR ASSEMBLY,40,41,3,000029624,BRKT SHOCK MECH,8270parts.pdf#page=40
38,PIN ELEVATOR ASSEMBLY,40,41,29,000023758,GSKT-WASHER 3/8ID X 7/8OD,8270parts.pdf#page=40
38,PIN ELEVATOR ASSEMBLY,40,41,4*,000026043,SWITCH-MICRO,8270parts.pdf#page=40
38,PIN ELEVATOR ASSEMBLY,40,41,30,000022172,SHEAVE-BACK END DRIVE,8270parts.pdf#page=40
38,PIN ELEVATOR ASSEMBLY,40,41,5,000022296,INSULATOR-SWITCH,8270parts.pdf#page=40
38,PIN ELEVATOR ASSEMBLY,40,41,31,000023673,SHEAVE,8270parts.pdf#page=40
38,PIN ELEVATOR ASSEMBLY,40,41,6,000022828,BRKT-SHOCK SWCH MECH,8270parts.pdf#page=40
38,PIN ELEVATOR ASSEMBLY,40,41,31A,000024598,ADJ SPEED SHEAVE,8270parts.pdf#page=40
38,PIN ELEVATOR ASSEMBLY,40,41,7,000023621,LEVER CUSH ASSEMBLY-SWTCH,8270parts.pdf#page=40
38,PIN ELEVATOR ASSEMBLY,40,41,32,807358060,SCREW-STSO5/16-24 X 3/8,8270parts.pdf#page=40
38,PIN ELEVATOR ASSEMBLY,40,41,8,000023625,BUMPER-SPONGE RUBBER,8270parts.pdf#page=40
38,PIN ELEVATOR ASSEMBLY,40,41,33,809857205,SCREW-HEX 5/16-18 X 1 1/4,8270parts.pdf#page=40
38,PIN ELEVATOR ASSEMBLY,40,41,9,000021431,SPRING,8270parts.pdf#page=40
38,PIN ELEVATOR ASSEMBLY,40,41,34,844057002,5/16-,8270parts.pdf#page=40
38,PIN ELEVATOR ASSEMBLY,40,41,18,STOVER,LOCKNUT,8270parts.pdf#page=40
38,PIN ELEVATOR ASSEMBLY,40,41,10,000022821,PIN,8270parts.pdf#page=40
38,PIN ELEVATOR ASSEMBLY,40,41,35,809857125,SCREW-HEX 5/16-18 X 3/4,8270parts.pdf#page=40
38,PIN ELEVATOR ASSEMBLY,40,41,11,963600002,WASHER-X 1/4 9000-16,8270parts.pdf#page=40
38,PIN ELEVATOR ASSEMBLY,40,41,36***,070001284,RECEPTACLE ASSEMBLY,8270parts.pdf#page=40
38,PIN ELEVATOR ASSEMBLY,40,41,12**,000028036,SHIM-MICRO SWITCH,8270parts.pdf#page=40
38,PIN ELEVATOR ASSEMBLY,40,41,37,000025590,RECEPTACLE HOUSING,8270parts.pdf#page=40
38,PIN ELEVATOR ASSEMBLY,40,41,13,000021992,BUMPER-GROMMET #2250,8270parts.pdf#page=40
38,PIN ELEVATOR ASSEMBLY,40,41,38,000025906,RECEPTACLE-MALE,8270parts.pdf#page=40
38,PIN ELEVATOR ASSEMBLY,40,41,14,724501072,TIN-CLIP-CBL.C 4506S,8270parts.pdf#page=40
38,PIN ELEVATOR ASSEMBLY,40,41,39,823126062,SCREW-TAP-RD 6 X 3/8 TYA,8270parts.pdf#page=40
38,PIN ELEVATOR ASSEMBLY,40,41,15,070011250,BRACKET-SWITCH,8270parts.pdf#page=40
38,PIN ELEVATOR ASSEMBLY,40,41,40,760015038,TERM-AMP 41473,8270parts.pdf#page=40
38,PIN ELEVATOR ASSEMBLY,40,41,16,809849125,SCREW-HEX 1/4-20 X 3/4 43**** 610704043 MOTOR WESTINGHOUSE RH 110/60HZ,8270parts.pdf#page=40
38,PIN ELEVATOR ASSEMBLY,40,41,17,844049002,1/4-20 LOCK NUT 43A****610704042 MOTOR WESTINGHOUSE LH 110/60HZ,8270parts.pdf#page=40
38,PIN ELEVATOR ASSEMBLY,40,41,18,818227202,SCREW-SMRD 6-32 X 1 1/4,8270parts.pdf#page=40
38,PIN ELEVATOR ASSEMBLY,40,41,48,070006212,MOTOR WESTINGHOUSE RH230/50HZ,8270parts.pdf#page=40
38,PIN ELEVATOR ASSEMBLY,40,41,19,839527002,6-32 FLEX NUT,8270parts.pdf#page=40
38,PIN ELEVATOR ASSEMBLY,40,41,48A,070006211,MOTOR WESTINGHOUSE LH230/50HZ,8270parts.pdf#page=40
38,PIN ELEVATOR ASSEMBLY,40,41,20,070002004,ARM ASSEMBLY RH BELT TIGHT,8270parts.pdf#page=40
38,PIN ELEVATOR ASSEMBLY,40,41,49,070004267,SHAFT-STUB,8270parts.pdf#page=40
38,PIN ELEVATOR ASSEMBLY,40,41,20A,070002216,ARM ASSEMBLY LH MACH,8270parts.pdf#page=40
38,PIN ELEVATOR ASSEMBLY,40,41,50,000029961,BRACE,8270parts.pdf#page=40
38,PIN ELEVATOR ASSEMBLY,40,41,21,070002007,PULLEY ASSEMBLY BELT,8270parts.pdf#page=40
38,PIN ELEVATOR ASSEMBLY,40,41,51,000021443,SPRING POST,8270parts.pdf#page=40
38,PIN ELEVATOR ASSEMBLY,40,41,22,070002094,PULLEY-BELT TIGHTNER,8270parts.pdf#page=40
38,PIN ELEVATOR ASSEMBLY,40,41,52,809857565,SCREW-HEX 5/16-18 X 3 1/2,8270parts.pdf#page=40
38,PIN ELEVATOR ASSEMBLY,40,41,23,900208161,BEARING FL .503 X .875 X 1,8270parts.pdf#page=40
38,PIN ELEVATOR ASSEMBLY,40,41,53,000029601,SPRING,8270parts.pdf#page=40
38,PIN ELEVATOR ASSEMBLY,40,41,24,900108141,BEARING SL .503 X 7/8,8270parts.pdf#page=40
42,BACK END ASSEMBLY PARTS,44,44,1,090004210,TREADWELD RH,8270parts.pdf#page=44
42,BACK END ASSEMBLY PARTS,44,44,9A,000027100,APRON & MAT ASSEMBLY LH,8270parts.pdf#page=44
42,BACK END ASSEMBLY PARTS,44,44,1A,090004211,TREADWELD LH,8270parts.pdf#page=44
42,BACK END ASSEMBLY PARTS,44,44,10,070001184,STRAP,8270parts.pdf#page=44
42,BACK END ASSEMBLY PARTS,44,44,2,070001412,PLOW & MAT ASSEMBLY SM RH,8270parts.pdf#page=44
42,BACK END ASSEMBLY PARTS,44,44,11,809857205,SCREW-HEX 5/16-18 X 1 1/4,8270parts.pdf#page=44
42,BACK END ASSEMBLY PARTS,44,44,2A,070002169,PLOW & MAT ASSEMBLY SM LH,8270parts.pdf#page=44
42,BACK END ASSEMBLY PARTS,44,44,12,844057002,5/16-,8270parts.pdf#page=44
42,BACK END ASSEMBLY PARTS,44,44,18,STOVER,LOCKNUT,8270parts.pdf#page=44
42,BACK END ASSEMBLY PARTS,44,44,3,070005614,DECAL-WARNING,8270parts.pdf#page=44
42,BACK END ASSEMBLY PARTS,44,44,13,808849120,SCREW-SOFL 1/4-20 X 3/4,8270parts.pdf#page=44
42,BACK END ASSEMBLY PARTS,44,44,4,000027372,PLOW & MAT ASSEMBLY RH,8270parts.pdf#page=44
42,BACK END ASSEMBLY PARTS,44,44,14,844049002,1/4-20 LOCK NUT,8270parts.pdf#page=44
42,BACK END ASSEMBLY PARTS,44,44,4A,000027368,PLOW & MAT ASSEMBLY LH,8270parts.pdf#page=44
42,BACK END ASSEMBLY PARTS,44,44,15,808566160,SCREW-SOBT 3/8-24 X 1,8270parts.pdf#page=44
42,BACK END ASSEMBLY PARTS,44,44,5,070007359,BRKT-SUPPORT,8270parts.pdf#page=44
42,BACK END ASSEMBLY PARTS,44,44,16,808858120,SCREW-SOFL 5/16-24 X 3/4,8270parts.pdf#page=44
42,BACK END ASSEMBLY PARTS,44,44,6,070001185,BRACE,8270parts.pdf#page=44
42,BACK END ASSEMBLY PARTS,44,44,17,809857125,SCREW-HEX 5/16-18 X 3/4,8270parts.pdf#page=44
42,BACK END ASSEMBLY PARTS,44,44,7,000029068,RUBBER MOUNT,8270parts.pdf#page=44
42,BACK END ASSEMBLY PARTS,44,44,18,948753102,WASHER-9/32 X 5/8 X 1/16,8270parts.pdf#page=44
42,BACK END ASSEMBLY PARTS,44,44,8,070001195,PIN EJECTOR,8270parts.pdf#page=44
42,BACK END ASSEMBLY PARTS,44,44,19,809857165,SCREW-HEX 5/16-18 X 1,8270parts.pdf#page=44
42,BACK END ASSEMBLY PARTS,44,44,9,000027099,APRON & MAT ASSEMBLY RH,8270parts.pdf#page=44
42,BACK END ASSEMBLY PARTS,44,44,20,808858240,SCREW-SOFL5/16-24 X 1 1/2,8270parts.pdf#page=44
42,BACK END ASSEMBLY PARTS,44,45,1,090005275,BOUNCE BD ASSY R.H.,8270parts.pdf#page=44
42,BACK END ASSEMBLY PARTS,44,45,15,844049002,1/4-20 LOCK NUT,8270parts.pdf#page=44
42,BACK END ASSEMBLY PARTS,44,45,1A,090005276,BOUNCE BD ASSY L.H.,8270parts.pdf#page=44
42,BACK END ASSEMBLY PARTS,44,45,16,844057002,5/16-,8270parts.pdf#page=44
42,BACK END ASSEMBLY PARTS,44,45,18,STOVER,LOCKNUT,8270parts.pdf#page=44
42,BACK END ASSEMBLY PARTS,44,45,2,090005270,BOUNCE BOARD RH FRONT PHENOLIC,8270parts.pdf#page=44
42,BACK END ASSEMBLY PARTS,44,45,17,948761112,5/,8270parts.pdf#page=44
42,BACK END ASSEMBLY PARTS,44,45,16,WROUGHT,WASHER,8270parts.pdf#page=44
42,BACK END ASSEMBLY PARTS,44,45,2A,090005271,BOUNCE BOARD LH FRONT PHENOLIC,8270parts.pdf#page=44
42,BACK END ASSEMBLY PARTS,44,45,18,070002034,ROLLER ASSEMBLY-REAR,8270parts.pdf#page=44
42,BACK END ASSEMBLY PARTS,44,45,3,090005272,BOUNCE BOARD RH REAR PHENOLIC,8270parts.pdf#page=44
42,BACK END ASSEMBLY PARTS,44,45,19,000024590,BEARING .7874 X 1.8504,8270parts.pdf#page=44
42,BACK END ASSEMBLY PARTS,44,45,3A,090005273,BOUNCE BOARD LH REAR PHENOLIC,8270parts.pdf#page=44
42,BACK END ASSEMBLY PARTS,44,45,20,090006124,CARPET BELT- PUMPKIN TAN,8270parts.pdf#page=44
42,BACK END ASSEMBLY PARTS,44,45,4,000029626,SUPPORT-ANGLE 20a 000026756 SPLIT FINGER CARPET BELT- GREEN,8270parts.pdf#page=44
42,BACK END ASSEMBLY PARTS,44,45,5,000021224,DAMPENER-VIBRATION,8270parts.pdf#page=44
42,BACK END ASSEMBLY PARTS,44,45,21,000024576,ROLLER ASSEMBLY-FRONT,8270parts.pdf#page=44
42,BACK END ASSEMBLY PARTS,44,45,6,000021914,CHANNEL,8270parts.pdf#page=44
42,BACK END ASSEMBLY PARTS,44,45,22,000024592,HINGE ASSEMBLY,8270parts.pdf#page=44
42,BACK END ASSEMBLY PARTS,44,45,7,000029898,BAR-REINFORCING 40.5,8270parts.pdf#page=44
42,BACK END ASSEMBLY PARTS,44,45,23,000024579,ROLLER-HINGE,8270parts.pdf#page=44
42,BACK END ASSEMBLY PARTS,44,45,8,070007846,KIT-FILLER PLATE FF,8270parts.pdf#page=44
42,BACK END ASSEMBLY PARTS,44,45,24,000024580,SHAFT-HINGE,8270parts.pdf#page=44
42,BACK END ASSEMBLY PARTS,44,45,8A,808849160,SCREW-SOFL 1/4-20 X 1,8270parts.pdf#page=44
42,BACK END ASSEMBLY PARTS,44,45,25,000024597,LINK ASSEMBLY,8270parts.pdf#page=44
42,BACK END ASSEMBLY PARTS,44,45,8B,070007847,FASTNER RUBBER,8270parts.pdf#page=44
42,BACK END ASSEMBLY PARTS,44,45,26,710501002,FITTNG-ALMTE 1612B,8270parts.pdf#page=44
42,BACK END ASSEMBLY PARTS,44,45,9,610704014,BALL IDLING BRACKET KIT,8270parts.pdf#page=44
42,BACK END ASSEMBLY PARTS,44,45,27,000024582,PIN-ROLLER,8270parts.pdf#page=44
42,BACK END ASSEMBLY PARTS,44,45,9A,809849325,1/4-20 X 2 CAP SCREW,8270parts.pdf#page=44
42,BACK END ASSEMBLY PARTS,44,45,28,913411100,PIN-SPRNG .078 X 5/8,8270parts.pdf#page=44
42,BACK END ASSEMBLY PARTS,44,45,10,809849205,1/4-20 X 1 1/,8270parts.pdf#page=44
42,BACK END ASSEMBLY PARTS,44,45,4,MACHINE,SCREW,8270parts.pdf#page=44
42,BACK END ASSEMBLY PARTS,44,45,29,000024578,ROLLER BODY-FRONT,8270parts.pdf#page=44
42,BACK END ASSEMBLY PARTS,44,45,11,809849165,SCREW-HEX 1/4-20 X 1,8270parts.pdf#page=44
42,BACK END ASSEMBLY PARTS,44,45,30,000025662,SCREW-NYLOC,8270parts.pdf#page=44
42,BACK END ASSEMBLY PARTS,44,45,12,809857205,SCREW-HEX 5/16-18 X 1 1/4,8270parts.pdf#page=44
42,BACK END ASSEMBLY PARTS,44,45,31,070002097,SHEAVE-CARPET DRIVE,8270parts.pdf#page=44
42,BACK END ASSEMBLY PARTS,44,45,13,000025622,STRAP-BONDING,8270parts.pdf#page=44
42,BACK END ASSEMBLY PARTS,44,45,32,806265160,SCREW-STSQ 3/8-16 X 1 CP,8270parts.pdf#page=44
42,BACK END ASSEMBLY PARTS,44,45,14,948753102,WASHER-9/32 X 5/8 X 1/16,8270parts.pdf#page=44
42,BACK END ASSEMBLY PARTS,44,45,33,612070014,REAR ROLL REPAIR KIT,8270parts.pdf#page=44
42,BACK END ASSEMBLY PARTS,44,47,1,070002060,CUSHION ASSEMBLY RH,8270parts.pdf#page=44
42,BACK END ASSEMBLY PARTS,44,47,22,809857125,SCREW-HEX 5/16-18 X 3/4,8270parts.pdf#page=44
42,BACK END ASSEMBLY PARTS,44,47,1A,070002260,CUSHION ASSEMBLY LH,8270parts.pdf#page=44
42,BACK END ASSEMBLY PARTS,44,47,23,844057002,5/16-,8270parts.pdf#page=44
42,BACK END ASSEMBLY PARTS,44,47,18,STOVER,LOCKNUT,8270parts.pdf#page=44
42,BACK END ASSEMBLY PARTS,44,47,2,070002050,TUBE WELD RH,8270parts.pdf#page=44
42,BACK END ASSEMBLY PARTS,44,47,24,000022824,CUSHION SHOCK ASSEMBLY,8270parts.pdf#page=44
42,BACK END ASSEMBLY PARTS,44,47,2A,070002252,TUBE WELD CUSHION LH,8270parts.pdf#page=44
42,BACK END ASSEMBLY PARTS,44,47,25,000022823,SHOCK ABSORBER,8270parts.pdf#page=44
42,BACK END ASSEMBLY PARTS,44,47,3,070011288,ROD-CURTAIN,8270parts.pdf#page=44
42,BACK END ASSEMBLY PARTS,44,47,26,000022288,SPRING CUSHION,8270parts.pdf#page=44
42,BACK END ASSEMBLY PARTS,44,47,4,000024534,"EAR, HANGER CUSHION",8270parts.pdf#page=44
42,BACK END ASSEMBLY PARTS,44,47,27,000022286,COLLAR-STRUT CUSHION,8270parts.pdf#page=44
42,BACK END ASSEMBLY PARTS,44,47,5,070001432,PAD,8270parts.pdf#page=44
42,BACK END ASSEMBLY PARTS,44,47,28,810250200,SCREW-SOC 1/4-28 X 1 1/4,8270parts.pdf#page=44
42,BACK END ASSEMBLY PARTS,44,47,6,000028529,URETHANE-PLUS RIVET,8270parts.pdf#page=44
42,BACK END ASSEMBLY PARTS,44,47,29,951148002,1/4 IN SPLIT LOCKWASHER MED PLTD,8270parts.pdf#page=44
42,BACK END ASSEMBLY PARTS,44,47,7,000024801,WASHER,8270parts.pdf#page=44
42,BACK END ASSEMBLY PARTS,44,47,30,000022287,WASHER SPRING SEAT,8270parts.pdf#page=44
42,BACK END ASSEMBLY PARTS,44,47,8,000024796,WOOD PLANK-CUSHION RH,8270parts.pdf#page=44
42,BACK END ASSEMBLY PARTS,44,47,31,070007360,BRKT-SUPPORT WELD,8270parts.pdf#page=44
42,BACK END ASSEMBLY PARTS,44,47,8A,000024795,WOOD PLANK-CUSHION LH,8270parts.pdf#page=44
42,BACK END ASSEMBLY PARTS,44,47,32,070001396,PIN-CURTAIN LATCH,8270parts.pdf#page=44
42,BACK END ASSEMBLY PARTS,44,47,9,000022770,PAD CUSH SPNGE RUBBR,8270parts.pdf#page=44
42,BACK END ASSEMBLY PARTS,44,47,33,070001389,SPRING-CURTAIN LATCH,8270parts.pdf#page=44
42,BACK END ASSEMBLY PARTS,44,47,10,000024807,CUSHION-RUBBER RH,8270parts.pdf#page=44
42,BACK END ASSEMBLY PARTS,44,47,34,913431160,PIN-SPRNG .156 X 1,8270parts.pdf#page=44
42,BACK END ASSEMBLY PARTS,44,47,10A,000024808,CUSHION-RUBBER LH,8270parts.pdf#page=44
42,BACK END ASSEMBLY PARTS,44,47,35,070004738,GUARD,8270parts.pdf#page=44
42,BACK END ASSEMBLY PARTS,44,47,11,090005230,CUSHION COVER REINFORCED,8270parts.pdf#page=44
42,BACK END ASSEMBLY PARTS,44,47,36,809849125,SCREW-HEX 1/4-20 X 3/4,8270parts.pdf#page=44
42,BACK END ASSEMBLY PARTS,44,47,12,000026445,2 PLY PREMIUM PIN CURTAIN,8270parts.pdf#page=44
42,BACK END ASSEMBLY PARTS,44,47,37,844049002,1/4-20 LOCK NUT,8270parts.pdf#page=44
42,BACK END ASSEMBLY PARTS,44,47,12A,000026450,STANDARD PIN CURTAIN,8270parts.pdf#page=44
42,BACK END ASSEMBLY PARTS,44,47,38,809857205,SCREW-HEX 5/16-18 X 1 1/4,8270parts.pdf#page=44
42,BACK END ASSEMBLY PARTS,44,47,13,070005610,LINK,8270parts.pdf#page=44
42,BACK END ASSEMBLY PARTS,44,47,39,963600002,WASHER-X 1/4 9000-16,8270parts.pdf#page=44
42,BACK END ASSEMBLY PARTS,44,47,14,070001422,BOLT-U,8270parts.pdf#page=44
42,BACK END ASSEMBLY PARTS,44,47,40,948975172,1/2 USS WROUGHT WASHER TYPE A,8270parts.pdf#page=44
42,BACK END ASSEMBLY PARTS,44,47,15,070001421,STRAP,8270parts.pdf#page=44
42,BACK END ASSEMBLY PARTS,44,47,41,000022821,PIN,8270parts.pdf#page=44
42,BACK END ASSEMBLY PARTS,44,47,16,945091242,WASHER-1 X1 1/2,8270parts.pdf#page=44
42,BACK END ASSEMBLY PARTS,44,47,42,000022822,SLEEVE,8270parts.pdf#page=44
42,BACK END ASSEMBLY PARTS,44,47,17,913437240,PIN-SPRNG .187 X 1 1/2,8270parts.pdf#page=44
42,BACK END ASSEMBLY PARTS,44,47,43,809857165,SCREW-HEX 5/16-18 X 1,8270parts.pdf#page=44
42,BACK END ASSEMBLY PARTS,44,47,18,808865320,SCREW-SOFL 3/8-16 X 2,8270parts.pdf#page=44
42,BACK END ASSEMBLY PARTS,44,47,44,721502005,BSHNG-RUBR MONRO SHK,8270parts.pdf#page=44
42,BACK END ASSEMBLY PARTS,44,47,19,951164002,WASHER-LK-SPLIT 3/8,8270parts.pdf#page=44
42,BACK END ASSEMBLY PARTS,44,47,46,070011840,VELCRO CUSHION COVER,8270parts.pdf#page=44
42,BACK END ASSEMBLY PARTS,44,47,20,839665002,NUT-FLX 3/8-16,8270parts.pdf#page=44
42,BACK END ASSEMBLY PARTS,44,47,47,070011841,VELCRO LOOP CUSHION RH,8270parts.pdf#page=44
42,BACK END ASSEMBLY PARTS,44,47,21,808865400,SCREW-SOC.HD CAP 3/8-16 X 20,8270parts.pdf#page=44
42,BACK END ASSEMBLY PARTS,44,47,47A,070011842,VELCRO LOOP CUSHION LH,8270parts.pdf#page=44
42,BACK END ASSEMBLY PARTS,44,47,070011641,URETHANE,DOOR RING LH,8270parts.pdf#page=44
42,BACK END ASSEMBLY PARTS,44,47,070011642,URETHANE,DOOR RING RH,8270parts.pdf#page=44
42,BACK END ASSEMBLY PARTS,44,51,1,000021813,WIPER SUPPORT,8270parts.pdf#page=44
42,BACK END ASSEMBLY PARTS,44,51,26,070011178,CRANK ASSEMBLY,8270parts.pdf#page=44
42,BACK END ASSEMBLY PARTS,44,51,2,000021814,RING,8270parts.pdf#page=44
42,BACK END ASSEMBLY PARTS,44,51,27,070011414,TRACK RAIL ASSEMBLY-PBL,8270parts.pdf#page=44
42,BACK END ASSEMBLY PARTS,44,51,3,000024610,STUD-CLAMP,8270parts.pdf#page=44
42,BACK END ASSEMBLY PARTS,44,51,28,700107146,ADHSVE-LKTTE TL242 - OBS,8270parts.pdf#page=44
42,BACK END ASSEMBLY PARTS,44,51,4,000024673,SPRING-DIST,8270parts.pdf#page=44
42,BACK END ASSEMBLY PARTS,44,51,29,806265160,SCREW-STSQ 3/8-16 X 1 CP,8270parts.pdf#page=44
42,BACK END ASSEMBLY PARTS,44,51,5,000026031,SPRING,8270parts.pdf#page=44
42,BACK END ASSEMBLY PARTS,44,51,30,807265060,3/8-3/16 X 3/,8270parts.pdf#page=44
42,BACK END ASSEMBLY PARTS,44,51,8,SOCKET,"SET,CUP PT",8270parts.pdf#page=44
42,BACK END ASSEMBLY PARTS,44,51,6,000029629,TRACK WELD-DOWNSWEEP,8270parts.pdf#page=44
42,BACK END ASSEMBLY PARTS,44,51,31,809857165,SCREW-HEX 5/16-18 X 1,8270parts.pdf#page=44
42,BACK END ASSEMBLY PARTS,44,51,7,000029910,SHIM-3/8 SLOT X 1 1/8OD,8270parts.pdf#page=44
42,BACK END ASSEMBLY PARTS,44,51,32,844057002,5/16-,8270parts.pdf#page=44
42,BACK END ASSEMBLY PARTS,44,51,18,STOVER,LOCKNUT,8270parts.pdf#page=44
42,BACK END ASSEMBLY PARTS,44,51,8,000022099,BELT-V PITCH LT 1133,8270parts.pdf#page=44
42,BACK END ASSEMBLY PARTS,44,51,33,948761112,5/,8270parts.pdf#page=44
42,BACK END ASSEMBLY PARTS,44,51,16,WROUGHT,WASHER,8270parts.pdf#page=44
42,BACK END ASSEMBLY PARTS,44,51,9,070004654,BRKT-TRACK SUPPORT,8270parts.pdf#page=44
42,BACK END ASSEMBLY PARTS,44,51,34,809865285,SCREW-HEX 3/8-16 X 1 3/4,8270parts.pdf#page=44
42,BACK END ASSEMBLY PARTS,44,51,10,090004126,KICKBACK RH/RH,8270parts.pdf#page=44
42,BACK END ASSEMBLY PARTS,44,51,35,844065002,NUT-STVR 3/8-16,8270parts.pdf#page=44
42,BACK END ASSEMBLY PARTS,44,51,11,090004129,KICKBACK LH/LH,8270parts.pdf#page=44
42,BACK END ASSEMBLY PARTS,44,51,36,948767132,WASHER 13/32 X 13/16 X 1/16,8270parts.pdf#page=44
42,BACK END ASSEMBLY PARTS,44,51,12,610700122,LIGHT BALL SENSOR,8270parts.pdf#page=44
42,BACK END ASSEMBLY PARTS,44,51,37,070007124,BELT TIGHTENER PACKAGE,8270parts.pdf#page=44
42,BACK END ASSEMBLY PARTS,44,51,13,070002034,ROLLER ASSEMBLY-REAR,8270parts.pdf#page=44
42,BACK END ASSEMBLY PARTS,44,51,38,070011310,SUPT-BE MTR GUARD,8270parts.pdf#page=44
42,BACK END ASSEMBLY PARTS,44,51,14,070002097,SHEAVE-CARPET DRIVE,8270parts.pdf#page=44
42,BACK END ASSEMBLY PARTS,44,51,39,000024699,GUARD,8270parts.pdf#page=44
42,BACK END ASSEMBLY PARTS,44,51,15,070004669,CLOTH-BALL WIPER,8270parts.pdf#page=44
42,BACK END ASSEMBLY PARTS,44,51,40,070011401,GUARD WELD,8270parts.pdf#page=44
42,BACK END ASSEMBLY PARTS,44,51,16,070004670,DUST TRAP,8270parts.pdf#page=44
42,BACK END ASSEMBLY PARTS,44,51,41,070004642,BRKT-STOP-BALL LIFT,8270parts.pdf#page=44
42,BACK END ASSEMBLY PARTS,44,51,17,530707129,TIE PLATE ASSY-USED - OBS,8270parts.pdf#page=44
42,BACK END ASSEMBLY PARTS,44,51,42,000024641,STOP BUMPER,8270parts.pdf#page=44
42,BACK END ASSEMBLY PARTS,44,51,18,070011034,EXTENSION ROD,8270parts.pdf#page=44
42,BACK END ASSEMBLY PARTS,44,51,43,000021792,WASHER FRAME,8270parts.pdf#page=44
42,BACK END ASSEMBLY PARTS,44,51,19,070011035,STRAP,8270parts.pdf#page=44
42,BACK END ASSEMBLY PARTS,44,51,44,835558002,NUT-HEX-JAM 5/16-24,8270parts.pdf#page=44
42,BACK END ASSEMBLY PARTS,44,51,20,070011052,BALL LIFT ASSEMBLY,8270parts.pdf#page=44
42,BACK END ASSEMBLY PARTS,44,51,21,070011064,V-BELT GATES #1450,8270parts.pdf#page=44
42,BACK END ASSEMBLY PARTS,44,51,22,070011106,SPRING EXTENSION 610704097** 82/70 PBL PLUS CONVERSION KIT,8270parts.pdf#page=44
42,BACK END ASSEMBLY PARTS,44,51,23,070011132,BELT TENSIONER ASSEMBLY 610700178** 82/30 PBL PLUS CONVERSION KIT,8270parts.pdf#page=44
42,BACK END ASSEMBLY PARTS,44,51,24,070011147,V-BELT GATES #,8270parts.pdf#page=44
42,BACK END ASSEMBLY PARTS,44,51,1380,610704106,82/70 PBL CONVERSION KIT W/ BALL,8270parts.pdf#page=44
42,BACK END ASSEMBLY PARTS,44,51,25,070011148,V BELT LIGHT SENSOR,8270parts.pdf#page=44
50,RATCHET ASSEMBLY,52,53,1,000026865,WASHER,8270parts.pdf#page=52
50,RATCHET ASSEMBLY,52,53,19,070011064,V-BELT GATES #1450,8270parts.pdf#page=52
50,RATCHET ASSEMBLY,52,53,2,070011217,WELD-RCHT ARM BL LFT,8270parts.pdf#page=52
50,RATCHET ASSEMBLY,52,53,20,808865140,SCREW-SOFL 3/8-16 X 7/8,8270parts.pdf#page=52
50,RATCHET ASSEMBLY,52,53,3,070011027,SHAFT,8270parts.pdf#page=52
50,RATCHET ASSEMBLY,52,53,21,809849205,1/4-20 X 1 1/,8270parts.pdf#page=52
50,RATCHET ASSEMBLY,52,53,4,MACHINE,SCREW,8270parts.pdf#page=52
50,RATCHET ASSEMBLY,52,53,4,070011028,WASHER,8270parts.pdf#page=52
50,RATCHET ASSEMBLY,52,53,22,809965125,SCREW-HEXPLK3/8-16 X 3/4,8270parts.pdf#page=52
50,RATCHET ASSEMBLY,52,53,5,070011029,NUT,8270parts.pdf#page=52
50,RATCHET ASSEMBLY,52,53,23,839549002,NUT-FLX-TK 1/4-20 HT,8270parts.pdf#page=52
50,RATCHET ASSEMBLY,52,53,6,070011030,ROLLER,8270parts.pdf#page=52
50,RATCHET ASSEMBLY,52,53,24,844065002,NUT-STVR 3/8-16,8270parts.pdf#page=52
50,RATCHET ASSEMBLY,52,53,7,070011031,SPACER,8270parts.pdf#page=52
50,RATCHET ASSEMBLY,52,53,24A,838866002,NUT-HEX-ESN-TN 3/8-24,8270parts.pdf#page=52
50,RATCHET ASSEMBLY,52,53,8,070011032,SPRING,8270parts.pdf#page=52
50,RATCHET ASSEMBLY,52,53,25,919005200,RING-RET. 5100-31,8270parts.pdf#page=52
50,RATCHET ASSEMBLY,52,53,9,070011033,PULLEY-RATCHET,8270parts.pdf#page=52
50,RATCHET ASSEMBLY,52,53,26,919005800,RING-RET. 5100-75,8270parts.pdf#page=52
50,RATCHET ASSEMBLY,52,53,10,070011036,BEARING & HOUSING ASSEMBLY,8270parts.pdf#page=52
50,RATCHET ASSEMBLY,52,53,27,948767132,WASHER 13/32 X 13/16 X 1/16,8270parts.pdf#page=52
50,RATCHET ASSEMBLY,52,53,11,070011009,HOUSING WELDMENT,8270parts.pdf#page=52
50,RATCHET ASSEMBLY,52,53,28,948964142,WASH-PLN 3/8 X 7/8 X 3/32,8270parts.pdf#page=52
50,RATCHET ASSEMBLY,52,53,12,900212161,BEARING FL .753 X 1.003 X 1,8270parts.pdf#page=52
50,RATCHET ASSEMBLY,52,53,29,907000200,KEY-HY PRO 404,8270parts.pdf#page=52
50,RATCHET ASSEMBLY,52,53,13,070011037,CRANK ASSEMBLY Note: Items listed below are used to mount ratchet drive assembly,8270parts.pdf#page=52
50,RATCHET ASSEMBLY,52,53,14,000024679,BEARING BL .625 X 1.375 to side plate but are not shown,8270parts.pdf#page=52
50,RATCHET ASSEMBLY,52,53,15,070006142,BUMPER,8270parts.pdf#page=52
50,RATCHET ASSEMBLY,52,53,30,070008212,SPACER,8270parts.pdf#page=52
50,RATCHET ASSEMBLY,52,53,16,070011013,CRANK WELDMENT,8270parts.pdf#page=52
50,RATCHET ASSEMBLY,52,53,31,844057002,5/16-,8270parts.pdf#page=52
50,RATCHET ASSEMBLY,52,53,18,STOVER,LOCKNUT,8270parts.pdf#page=52
50,RATCHET ASSEMBLY,52,53,17,919000600,RING-RET. 5000-137,8270parts.pdf#page=52
50,RATCHET ASSEMBLY,52,53,32,948767132,WASHER 13/32 X 13/16 X 1/16,8270parts.pdf#page=52
50,RATCHET ASSEMBLY,52,53,18,070011040,ROLLER-RATCHET ARM,8270parts.pdf#page=52
50,RATCHET ASSEMBLY,52,53,33,070011039,RATCHET ASSEMBLY,8270parts.pdf#page=52
52,BELT TENSIONER ASSEMBLY - OLD VERSION,54,54,1,000021423,COLLAR 5/8 X 1 1/8 X 1/2,8270parts.pdf#page=54
52,BELT TENSIONER ASSEMBLY - OLD VERSION,54,54,10,070011109,SPRING CLIP,8270parts.pdf#page=54
52,BELT TENSIONER ASSEMBLY - OLD VERSION,54,54,2,807357040,SCREW-STSO5/16-18 X 1/4 K,8270parts.pdf#page=54
52,BELT TENSIONER ASSEMBLY - OLD VERSION,54,54,11,070011131,PULLEY WELD,8270parts.pdf#page=54
52,BELT TENSIONER ASSEMBLY - OLD VERSION,54,54,3,000026031,SPRING,8270parts.pdf#page=54
52,BELT TENSIONER ASSEMBLY - OLD VERSION,54,54,12,070011133,SHAFT,8270parts.pdf#page=54
52,BELT TENSIONER ASSEMBLY - OLD VERSION,54,54,4,000029605,SHAFT-PIVOT,8270parts.pdf#page=54
52,BELT TENSIONER ASSEMBLY - OLD VERSION,54,54,13,070011148,V BELT,8270parts.pdf#page=54
52,BELT TENSIONER ASSEMBLY - OLD VERSION,54,54,5,000029606,SHAFT-PIVOT-SHORT,8270parts.pdf#page=54
52,BELT TENSIONER ASSEMBLY - OLD VERSION,54,54,14,701320045,BEARING TH .628 X 1 X 1/8,8270parts.pdf#page=54
52,BELT TENSIONER ASSEMBLY - OLD VERSION,54,54,6,000029659,HANGER ARM ASM,8270parts.pdf#page=54
52,BELT TENSIONER ASSEMBLY - OLD VERSION,54,54,15,807257060,SCREW STCP 5/16-18 X 3/8,8270parts.pdf#page=54
52,BELT TENSIONER ASSEMBLY - OLD VERSION,54,54,7,000029659,HANGER ARM ASM,8270parts.pdf#page=54
52,BELT TENSIONER ASSEMBLY - OLD VERSION,54,54,16,900210101,BEARING FL BZ .628 X 5/8,8270parts.pdf#page=54
52,BELT TENSIONER ASSEMBLY - OLD VERSION,54,54,8,900110081,BEARING SL .628 X .878 X 1/2,8270parts.pdf#page=54
52,BELT TENSIONER ASSEMBLY - OLD VERSION,54,54,17,919005600,RING-RET. 5100-62,8270parts.pdf#page=54
52,BELT TENSIONER ASSEMBLY - OLD VERSION,54,54,9,070011106,SPRING EXTENSION,8270parts.pdf#page=54
52,BELT TENSIONER ASSEMBLY - OLD VERSION,54,54,18,070011132,BELT TENSIONER ASSEMBLY,8270parts.pdf#page=54
52,BELT TENSIONER ASSEMBLY - OLD VERSION,54,55,1,900208120,BEARING-FLANGE,8270parts.pdf#page=54
52,BELT TENSIONER ASSEMBLY - OLD VERSION,54,55,9,090002016,EXTENSION SPRING,8270parts.pdf#page=54
52,BELT TENSIONER ASSEMBLY - OLD VERSION,54,55,2,919005500,RING-RET .5100-50,8270parts.pdf#page=54
52,BELT TENSIONER ASSEMBLY - OLD VERSION,54,55,10,919005900,RING-RET .5100-87,8270parts.pdf#page=54
52,BELT TENSIONER ASSEMBLY - OLD VERSION,54,55,3,000026031,SPRING,8270parts.pdf#page=54
52,BELT TENSIONER ASSEMBLY - OLD VERSION,54,55,11,070011131,PULLEY WELD,8270parts.pdf#page=54
52,BELT TENSIONER ASSEMBLY - OLD VERSION,54,55,4,000029605,SHAFT-PIVOT,8270parts.pdf#page=54
52,BELT TENSIONER ASSEMBLY - OLD VERSION,54,55,12,090002014,SHAFT,8270parts.pdf#page=54
52,BELT TENSIONER ASSEMBLY - OLD VERSION,54,55,5,000029606,SHAFT-PIVOT SHORT,8270parts.pdf#page=54
52,BELT TENSIONER ASSEMBLY - OLD VERSION,54,55,13,070011148,V BELT,8270parts.pdf#page=54
52,BELT TENSIONER ASSEMBLY - OLD VERSION,54,55,6,000029659,HANGER ARM ASSEMBLY,8270parts.pdf#page=54
52,BELT TENSIONER ASSEMBLY - OLD VERSION,54,55,14,000027264,SPACER,8270parts.pdf#page=54
52,BELT TENSIONER ASSEMBLY - OLD VERSION,54,55,7,000029625,HANGER ARM - OBS,8270parts.pdf#page=54
52,BELT TENSIONER ASSEMBLY - OLD VERSION,54,55,15,919005600,RING-RET .5100-62,8270parts.pdf#page=54
52,BELT TENSIONER ASSEMBLY - OLD VERSION,54,55,8,900110081,BEARING SL .628 X .878 X 1/2,8270parts.pdf#page=54
52,BELT TENSIONER ASSEMBLY - OLD VERSION,54,55,16,090002015,BELT TENSIONER ASSEMBLY,8270parts.pdf#page=54
54,LIGHT BALL SENSOR ASSEMBLY,56,57,1,000022869,WASHER,8270parts.pdf#page=56
54,LIGHT BALL SENSOR ASSEMBLY,56,57,41,070011146,PADDLE,8270parts.pdf#page=56
54,LIGHT BALL SENSOR ASSEMBLY,56,57,2,000024615,SHAFT,8270parts.pdf#page=56
54,LIGHT BALL SENSOR ASSEMBLY,56,57,42,070011147,V-BELT GATES#1380,8270parts.pdf#page=56
54,LIGHT BALL SENSOR ASSEMBLY,56,57,3,000024616,CLAMP STUD,8270parts.pdf#page=56
54,LIGHT BALL SENSOR ASSEMBLY,56,57,43,070011151,SPACER,8270parts.pdf#page=56
54,LIGHT BALL SENSOR ASSEMBLY,56,57,4,070011319,SUPPORT-RUDDER ARM,8270parts.pdf#page=56
54,LIGHT BALL SENSOR ASSEMBLY,56,57,44,070011178,CRANK ASSEMBLY,8270parts.pdf#page=56
54,LIGHT BALL SENSOR ASSEMBLY,56,57,5,000026031,SPRING,8270parts.pdf#page=56
54,LIGHT BALL SENSOR ASSEMBLY,56,57,45,000021423,COLLAR 5/8 X 1 1/8 X 1/2,8270parts.pdf#page=56
54,LIGHT BALL SENSOR ASSEMBLY,56,57,6,000027264,SPACER,8270parts.pdf#page=56
54,LIGHT BALL SENSOR ASSEMBLY,56,57,46,807357040,SCREW-STSO5/16-18X1/4K,8270parts.pdf#page=56
54,LIGHT BALL SENSOR ASSEMBLY,56,57,7,000029611,UNIBAL BEARING WASHER,8270parts.pdf#page=56
54,LIGHT BALL SENSOR ASSEMBLY,56,57,47,000029611,UNIBAL BEARING WASHER,8270parts.pdf#page=56
54,LIGHT BALL SENSOR ASSEMBLY,56,57,8,070006728,CAM FOLLOWER,8270parts.pdf#page=56
54,LIGHT BALL SENSOR ASSEMBLY,56,57,48,000029696,TUBE ADJUSTMENT ASSEMBLY,8270parts.pdf#page=56
54,LIGHT BALL SENSOR ASSEMBLY,56,57,9,070011040,ROLLER-RATCHET ARM,8270parts.pdf#page=56
54,LIGHT BALL SENSOR ASSEMBLY,56,57,49,000021427,BEARING FL .629 X .878 X 1/8,8270parts.pdf#page=56
54,LIGHT BALL SENSOR ASSEMBLY,56,57,10,070011066,RUDDER ARM SUPT AND ASSY,8270parts.pdf#page=56
54,LIGHT BALL SENSOR ASSEMBLY,56,57,50,000029697,TUBE-ADJUSTMENT,8270parts.pdf#page=56
54,LIGHT BALL SENSOR ASSEMBLY,56,57,11,070011067,RUDDER ARM SUPT,8270parts.pdf#page=56
54,LIGHT BALL SENSOR ASSEMBLY,56,57,51,070011092,CRANK SHAFT WELD,8270parts.pdf#page=56
54,LIGHT BALL SENSOR ASSEMBLY,56,57,12,900212201,BEARING FL .753 X 1 X 1.25,8270parts.pdf#page=56
54,LIGHT BALL SENSOR ASSEMBLY,56,57,52,070011225,WELD-CRANK ADJ PLATE,8270parts.pdf#page=56
54,LIGHT BALL SENSOR ASSEMBLY,56,57,13,070011068,LINK WELD,8270parts.pdf#page=56
54,LIGHT BALL SENSOR ASSEMBLY,56,57,52A,070011225,WELD-CRANK ADJ PLATE,8270parts.pdf#page=56
54,LIGHT BALL SENSOR ASSEMBLY,56,57,14,070011626,TRIP ARM ASSEMBLY,8270parts.pdf#page=56
54,LIGHT BALL SENSOR ASSEMBLY,56,57,53,070011097,CRANK PULLEY,8270parts.pdf#page=56
54,LIGHT BALL SENSOR ASSEMBLY,56,57,15,070011077,TRIP FINGER,8270parts.pdf#page=56
54,LIGHT BALL SENSOR ASSEMBLY,56,57,54,844057002,5/16-,8270parts.pdf#page=56
54,LIGHT BALL SENSOR ASSEMBLY,56,57,18,STOVER,LOCKNUT,8270parts.pdf#page=56
54,LIGHT BALL SENSOR ASSEMBLY,56,57,16,070011080,RUDDER DRIVE ASSEMBLY,8270parts.pdf#page=56
54,LIGHT BALL SENSOR ASSEMBLY,56,57,55,948761112,5/,8270parts.pdf#page=56
54,LIGHT BALL SENSOR ASSEMBLY,56,57,16,WROUGHT,WASHER,8270parts.pdf#page=56
54,LIGHT BALL SENSOR ASSEMBLY,56,57,17,070011079,RUDDER DRIVE WELD,8270parts.pdf#page=56
54,LIGHT BALL SENSOR ASSEMBLY,56,57,56,070011273,TAB,8270parts.pdf#page=56
54,LIGHT BALL SENSOR ASSEMBLY,56,57,18,900208091,BEARING FL .503 X .690 X 9/16,8270parts.pdf#page=56
54,LIGHT BALL SENSOR ASSEMBLY,56,57,57,722971522,SPRNG-COMP .480D X 7/8,8270parts.pdf#page=56
54,LIGHT BALL SENSOR ASSEMBLY,56,57,19,070011418,TRIP-CAM,8270parts.pdf#page=56
54,LIGHT BALL SENSOR ASSEMBLY,56,57,58,722985512,SPRING-COMPRESSION,8270parts.pdf#page=56
54,LIGHT BALL SENSOR ASSEMBLY,56,57,20,070011098,SLEEVE,8270parts.pdf#page=56
54,LIGHT BALL SENSOR ASSEMBLY,56,57,59,802865996,SCREW-HHC3/8-16 X 9 1/2,8270parts.pdf#page=56
54,LIGHT BALL SENSOR ASSEMBLY,56,57,21,070011099,CAM,8270parts.pdf#page=56
54,LIGHT BALL SENSOR ASSEMBLY,56,57,60,809857165,SCREW-HEX 5/16-18 X 1,8270parts.pdf#page=56
54,LIGHT BALL SENSOR ASSEMBLY,56,57,22,070011105,ROLLER ASSEMBLY,8270parts.pdf#page=56
54,LIGHT BALL SENSOR ASSEMBLY,56,57,61,809857880,SCREW-HEX 5/16-18 X 5 1/2,8270parts.pdf#page=56
54,LIGHT BALL SENSOR ASSEMBLY,56,57,23,070011096,ROLLER,8270parts.pdf#page=56
54,LIGHT BALL SENSOR ASSEMBLY,56,57,62,809865165,SCREW-HEX 3/8-16 X 1,8270parts.pdf#page=56
54,LIGHT BALL SENSOR ASSEMBLY,56,57,24,900205081,BEARING FL .315 X .44 X 1/2LG,8270parts.pdf#page=56
54,LIGHT BALL SENSOR ASSEMBLY,56,57,63,809865205,SCREW-HEX 3/8-16 X 1 1/4,8270parts.pdf#page=56
54,LIGHT BALL SENSOR ASSEMBLY,56,57,25,070011107,TRIP ARM,8270parts.pdf#page=56
54,LIGHT BALL SENSOR ASSEMBLY,56,57,64,809865405,SCREW-HEX 3/8-16 X 2 1/2,8270parts.pdf#page=56
54,LIGHT BALL SENSOR ASSEMBLY,56,57,26,070011108,WASHER,8270parts.pdf#page=56
54,LIGHT BALL SENSOR ASSEMBLY,56,57,65,831573002,NUT-STD HEX 1/2-13,8270parts.pdf#page=56
54,LIGHT BALL SENSOR ASSEMBLY,56,57,27,070011110,CAM SENSOR ASSEMBLY,8270parts.pdf#page=56
54,LIGHT BALL SENSOR ASSEMBLY,56,57,66,839565002,3/8-16 HEX NYLON LOCK NUT,8270parts.pdf#page=56
54,LIGHT BALL SENSOR ASSEMBLY,56,57,28,070011100,CAM SENSOR WELD,8270parts.pdf#page=56
54,LIGHT BALL SENSOR ASSEMBLY,56,57,67,840065002,NUT-FLX-TN 3/8-16,8270parts.pdf#page=56
54,LIGHT BALL SENSOR ASSEMBLY,56,57,29,070011407,RUDDER CAM ASSEMBLY LH,8270parts.pdf#page=56
54,LIGHT BALL SENSOR ASSEMBLY,56,57,68,844070002,NUT-STVR-LK 7/16-20,8270parts.pdf#page=56
54,LIGHT BALL SENSOR ASSEMBLY,56,57,31,913448120,PIN-SPRNG .250 X 3/4,8270parts.pdf#page=56
54,LIGHT BALL SENSOR ASSEMBLY,56,57,69,907000900,KEY-HY PRO 910,8270parts.pdf#page=56
54,LIGHT BALL SENSOR ASSEMBLY,56,57,32,070011406,RUDDER CAM ASSEMBLY RH,8270parts.pdf#page=56
54,LIGHT BALL SENSOR ASSEMBLY,56,57,70,919005200,RING-RET. 5100-31,8270parts.pdf#page=56
54,LIGHT BALL SENSOR ASSEMBLY,56,57,34,070011121,PLUG,8270parts.pdf#page=56
54,LIGHT BALL SENSOR ASSEMBLY,56,57,71*,919005300,RING-RET. 5100-37,8270parts.pdf#page=56
54,LIGHT BALL SENSOR ASSEMBLY,56,57,35,070011122,RUDDER ARM,8270parts.pdf#page=56
54,LIGHT BALL SENSOR ASSEMBLY,56,57,71A,838866002,NUT-HEX-ESN-TN 3/8-24,8270parts.pdf#page=56
54,LIGHT BALL SENSOR ASSEMBLY,56,57,36,070011123,ROD ASSEMBLY,8270parts.pdf#page=56
54,LIGHT BALL SENSOR ASSEMBLY,56,57,72,919005500,RING-RET. 5100-50,8270parts.pdf#page=56
54,LIGHT BALL SENSOR ASSEMBLY,56,57,36A,090005258,ROD ASSY,8270parts.pdf#page=56
54,LIGHT BALL SENSOR ASSEMBLY,56,57,73,948767132,WASHER 13/32 X 13/16 X 1/16,8270parts.pdf#page=56
54,LIGHT BALL SENSOR ASSEMBLY,56,57,37,000026446,ROD END,8270parts.pdf#page=56
54,LIGHT BALL SENSOR ASSEMBLY,56,57,74,949100002,WASHER 59/64 X 15/32,8270parts.pdf#page=56
54,LIGHT BALL SENSOR ASSEMBLY,56,57,37A,090005250,ROD END,8270parts.pdf#page=56
54,LIGHT BALL SENSOR ASSEMBLY,56,57,75,070011299,BRACE-SENSOR,8270parts.pdf#page=56
54,LIGHT BALL SENSOR ASSEMBLY,56,57,38,710502010,FITTNG-HEIM LU640,8270parts.pdf#page=56
54,LIGHT BALL SENSOR ASSEMBLY,56,57,76,809849145,SCREW-HEX 1/4-20 X 7/8,8270parts.pdf#page=56
54,LIGHT BALL SENSOR ASSEMBLY,56,57,39,070011124,ROD,8270parts.pdf#page=56
54,LIGHT BALL SENSOR ASSEMBLY,56,57,77,844049002,1/4-20 LOCK NUT,8270parts.pdf#page=56
54,LIGHT BALL SENSOR ASSEMBLY,56,57,40,835566002,3/8-24 HEX STL THIN NUT,8270parts.pdf#page=56
54,LIGHT BALL SENSOR ASSEMBLY,56,57,78,610700122,LIGHT BALL SENSOR ASSY,8270parts.pdf#page=56
56,BELT TIGHTENER ASSEMBLY,58,58,1,070001411,ARM ASSEMBLY,8270parts.pdf#page=58
56,BELT TIGHTENER ASSEMBLY,58,58,10,000029603,SHAFT,8270parts.pdf#page=58
56,BELT TIGHTENER ASSEMBLY,58,58,2,000029628,ARM-IDLER,8270parts.pdf#page=58
56,BELT TIGHTENER ASSEMBLY,58,58,11,919005800,RING-RET. 5100-75,8270parts.pdf#page=58
56,BELT TIGHTENER ASSEMBLY,58,58,3,070002072,SHAFT-IDLER,8270parts.pdf#page=58
56,BELT TIGHTENER ASSEMBLY,58,58,12,070011524,BELT TIGHTENER ASSY LH X WIDE,8270parts.pdf#page=58
56,BELT TIGHTENER ASSEMBLY,58,58,4,900112121,BEARING SL .753 X 3/4 LG,8270parts.pdf#page=58
56,BELT TIGHTENER ASSEMBLY,58,58,13,070011523,BELT TIGHTENER ASSY RH X WIDE,8270parts.pdf#page=58
56,BELT TIGHTENER ASSEMBLY,58,58,5,000021408,IDLER PULLEY ASM,8270parts.pdf#page=58
56,BELT TIGHTENER ASSEMBLY,58,58,14,070011525,IDLER SHEAVE ASSEMBLY,8270parts.pdf#page=58
56,BELT TIGHTENER ASSEMBLY,58,58,6,000021408,OBSOLETE,8270parts.pdf#page=58
56,BELT TIGHTENER ASSEMBLY,58,58,15,070011526,IDLER SHEAVE BELT TI,8270parts.pdf#page=58
56,BELT TIGHTENER ASSEMBLY,58,58,7,900208161,BEARING FL .503 X .875 X 1,8270parts.pdf#page=58
56,BELT TIGHTENER ASSEMBLY,58,58,16,701316041,BEARING TH .5100 X 1 X 1/16,8270parts.pdf#page=58
56,BELT TIGHTENER ASSEMBLY,58,58,8,948975172,1/2 USS WROUGHT WASHER TYPE A,8270parts.pdf#page=58
56,BELT TIGHTENER ASSEMBLY,58,58,17,070011810,BELT TIGHTNER PBL,8270parts.pdf#page=58
56,BELT TIGHTENER ASSEMBLY,58,58,9,963600002,WASHER-X 1/4 9000-16,8270parts.pdf#page=58
56,BELT TIGHTENER ASSEMBLY,58,58,18,070007124,BELT TIGHTENER ASSY (OLD),8270parts.pdf#page=58
56,BELT TIGHTENER ASSEMBLY,58,58,151326,090002450,BALL LIFT BELT,8270parts.pdf#page=58
56,BELT TIGHTENER ASSEMBLY,58,59,1,000021813,WIPER SUPPORT,8270parts.pdf#page=58
56,BELT TIGHTENER ASSEMBLY,58,59,16,090002024,LINER,8270parts.pdf#page=58
56,BELT TIGHTENER ASSEMBLY,58,59,2,000024663,COVER-TRACK-UPPER,8270parts.pdf#page=58
56,BELT TIGHTENER ASSEMBLY,58,59,17,070008191,BRKT-BALL LIFT,8270parts.pdf#page=58
56,BELT TIGHTENER ASSEMBLY,58,59,19,070011411,WELD-LFT ARM-TRK ASSEMBLY,8270parts.pdf#page=58
56,BELT TIGHTENER ASSEMBLY,58,59,20,900210161,BEARING FL BZ .628 X 1,8270parts.pdf#page=58
56,BELT TIGHTENER ASSEMBLY,58,59,3,000024663,COVER-TRACK-UPPER,8270parts.pdf#page=58
56,BELT TIGHTENER ASSEMBLY,58,59,21,070011063,SHAFT,8270parts.pdf#page=58
56,BELT TIGHTENER ASSEMBLY,58,59,4,070011440,TRACK COVER LOWER,8270parts.pdf#page=58
56,BELT TIGHTENER ASSEMBLY,58,59,22,809865992,SCREW HEXHDCP 3/8-16 X 9,8270parts.pdf#page=58
56,BELT TIGHTENER ASSEMBLY,58,59,5,000024666,TRACK RAIL WELDMENT,8270parts.pdf#page=58
56,BELT TIGHTENER ASSEMBLY,58,59,23,844065002,NUT-STVR 3/8-16,8270parts.pdf#page=58
56,BELT TIGHTENER ASSEMBLY,58,59,6,000024668,TRACK SUPT BRKT,8270parts.pdf#page=58
56,BELT TIGHTENER ASSEMBLY,58,59,25,808857280,SCREW FSH5/16-18 X 1 3/4,8270parts.pdf#page=58
56,BELT TIGHTENER ASSEMBLY,58,59,7,090005259,ROD ASSY,8270parts.pdf#page=58
56,BELT TIGHTENER ASSEMBLY,58,59,26,809865165,SCREW-HEX 3/8-16 X 1,8270parts.pdf#page=58
56,BELT TIGHTENER ASSEMBLY,58,59,8,000026446,ROD END,8270parts.pdf#page=58
56,BELT TIGHTENER ASSEMBLY,58,59,27,809865205,SCREW-HEX 3/8-16 X 1 1/4,8270parts.pdf#page=58
56,BELT TIGHTENER ASSEMBLY,58,59,8A,090005250,ROD END,8270parts.pdf#page=58
56,BELT TIGHTENER ASSEMBLY,58,59,28,809865325,SCREW-HEX 3/8-16 X 2,8270parts.pdf#page=58
56,BELT TIGHTENER ASSEMBLY,58,59,9,710502010,FITTNG-HEIM LU640,8270parts.pdf#page=58
56,BELT TIGHTENER ASSEMBLY,58,59,29,810265400,SCREW-SCHD3/8-16 X 2 1/2,8270parts.pdf#page=58
56,BELT TIGHTENER ASSEMBLY,58,59,11,835566002,3/8-24 HEX STL THIN NUT,8270parts.pdf#page=58
56,BELT TIGHTENER ASSEMBLY,58,59,29A,810365401,SCREW-SHC LK 3/8-16 X 2 1/2,8270parts.pdf#page=58
56,BELT TIGHTENER ASSEMBLY,58,59,12,070011018,BALL GUIDE,8270parts.pdf#page=58
56,BELT TIGHTENER ASSEMBLY,58,59,30,844057002,5/16-,8270parts.pdf#page=58
56,BELT TIGHTENER ASSEMBLY,58,59,18,STOVER,LOCKNUT,8270parts.pdf#page=58
56,BELT TIGHTENER ASSEMBLY,58,59,13*,070011375,LEVER ARM ASSEMBLY-STD,8270parts.pdf#page=58
56,BELT TIGHTENER ASSEMBLY,58,59,31,948767132,WASHER 13/32 X 13/16 X 1/16,8270parts.pdf#page=58
56,BELT TIGHTENER ASSEMBLY,58,59,32,958584002,WASHER-SHKPRF,8270parts.pdf#page=58
56,BELT TIGHTENER ASSEMBLY,58,59,14,070011053,SPACER - OBS,8270parts.pdf#page=58
56,BELT TIGHTENER ASSEMBLY,58,59,33,951164002,WASHER-LK-SPLIT 3/8,8270parts.pdf#page=58
56,BELT TIGHTENER ASSEMBLY,58,59,15,070011413,LIFT ASSEMBLY-TRK ASSEMBLY PBL,8270parts.pdf#page=58
56,BELT TIGHTENER ASSEMBLY,58,59,34,838866002,NUT-HEX-ESN-TN 3/8-24,8270parts.pdf#page=58
58,BALL LIFT ASSEMBLY,60,61,1,070011323,SHOCK ABSORBER ASSEMBLY,8270parts.pdf#page=60
58,BALL LIFT ASSEMBLY,60,61,48,070007192,WASHER-RESPOT CELL ASSEMBLY,8270parts.pdf#page=60
58,BALL LIFT ASSEMBLY,60,61,3,000027998,RETAINER,8270parts.pdf#page=60
58,BALL LIFT ASSEMBLY,60,61,49,070008217,SPACER,8270parts.pdf#page=60
58,BALL LIFT ASSEMBLY,60,61,4,000028057,RETAINER CUSH GUIDE,8270parts.pdf#page=60
58,BALL LIFT ASSEMBLY,60,61,50,070008218,SPACER,8270parts.pdf#page=60
58,BALL LIFT ASSEMBLY,60,61,5,000029660,SHAFT,8270parts.pdf#page=60
58,BALL LIFT ASSEMBLY,60,61,51,070011040,ROLLER-RATCHET ARM,8270parts.pdf#page=60
58,BALL LIFT ASSEMBLY,60,61,6,000029661,SHOCK ABSORBER,8270parts.pdf#page=60
58,BALL LIFT ASSEMBLY,60,61,52,070011041,BELT TIGHT,8270parts.pdf#page=60
58,BALL LIFT ASSEMBLY,60,61,7,070011289,BRKT-SHOCK ABSORBER,8270parts.pdf#page=60
58,BALL LIFT ASSEMBLY,60,61,53,070008215,WELD,8270parts.pdf#page=60
58,BALL LIFT ASSEMBLY,60,61,8,831566002,NUT-HEX 3/8-24,8270parts.pdf#page=60
58,BALL LIFT ASSEMBLY,60,61,54,900212161,BEARING FL .753 X 1.003 X 1,8270parts.pdf#page=60
58,BALL LIFT ASSEMBLY,60,61,9,919005600,RING-RET. 5100-62,8270parts.pdf#page=60
58,BALL LIFT ASSEMBLY,60,61,55,146005277,WASHER,8270parts.pdf#page=60
58,BALL LIFT ASSEMBLY,60,61,10,948983212,5/,8270parts.pdf#page=60
58,BALL LIFT ASSEMBLY,60,61,8,WROUGHT,WASHER,8270parts.pdf#page=60
58,BALL LIFT ASSEMBLY,60,61,56,808849565,SCREW-SOFL 1/4-20 X 3 1/2,8270parts.pdf#page=60
58,BALL LIFT ASSEMBLY,60,61,11,000024603,SPRING-COMP.BALL LFT,8270parts.pdf#page=60
58,BALL LIFT ASSEMBLY,60,61,57,839549002,NUT-FLX-TK 1/4-20 HT,8270parts.pdf#page=60
58,BALL LIFT ASSEMBLY,60,61,12,090002450,BALL LIFT BELT-FOR NARROW,8270parts.pdf#page=60
58,BALL LIFT ASSEMBLY,60,61,58,919005200,RING-RET. 5100-,8270parts.pdf#page=60
58,BALL LIFT ASSEMBLY,60,61,31,SHALLOW,GROOVE,8270parts.pdf#page=60
58,BALL LIFT ASSEMBLY,60,61,59,000024659,YOKE LOWER,8270parts.pdf#page=60
58,BALL LIFT ASSEMBLY,60,61,12A,070011280,LIFTBELT- FOR WIDE DEEP GROOVE,8270parts.pdf#page=60
58,BALL LIFT ASSEMBLY,60,61,60,000024659,YOKE LOWER,8270parts.pdf#page=60
58,BALL LIFT ASSEMBLY,60,61,13,000024605,RETAINER LOWER,8270parts.pdf#page=60
58,BALL LIFT ASSEMBLY,60,61,61A,070011796,SHAFT-LOWER D,8270parts.pdf#page=60
58,BALL LIFT ASSEMBLY,60,61,14,000024608,RETAINER UPPER,8270parts.pdf#page=60
58,BALL LIFT ASSEMBLY,60,61,61B,610900709,STRAIGT SHFT&SPCER KIT LOWR,8270parts.pdf#page=60
58,BALL LIFT ASSEMBLY,60,61,15,000024648,PIN PIVOT,8270parts.pdf#page=60
58,BALL LIFT ASSEMBLY,60,61,62,090003401,CLUTCH RACE-WITH SLOT,8270parts.pdf#page=60
58,BALL LIFT ASSEMBLY,60,61,16,000024650,ROLLER ASSEMBLY,8270parts.pdf#page=60
58,BALL LIFT ASSEMBLY,60,61,63A**,070008205,SHEAVE ASSEMBLY BALL LIFT,8270parts.pdf#page=60
58,BALL LIFT ASSEMBLY,60,61,17,000024647,ROLLER,8270parts.pdf#page=60
58,BALL LIFT ASSEMBLY,60,61,63B**,000024811,"PULLEY ASSEMBLY RH 5""",8270parts.pdf#page=60
58,BALL LIFT ASSEMBLY,60,61,18,900206081,BEARING FL .378 X .688 X 1/2,8270parts.pdf#page=60
58,BALL LIFT ASSEMBLY,60,61,63C**,000024812,"PULLEY ASSEMBLY LH 5""",8270parts.pdf#page=60
58,BALL LIFT ASSEMBLY,60,61,19,000024651,LINK ASSEMBLY,8270parts.pdf#page=60
58,BALL LIFT ASSEMBLY,60,61,64**,070007291,BEARING CL.9995X1.312X1,8270parts.pdf#page=60
58,BALL LIFT ASSEMBLY,60,61,20,000024651,LINK ASSEMBLY,8270parts.pdf#page=60
58,BALL LIFT ASSEMBLY,60,61,65A**,070008204,"SHEAVE 3 1/2""",8270parts.pdf#page=60
58,BALL LIFT ASSEMBLY,60,61,21,900110121,BEARING SL .628 X 3/4 LG,8270parts.pdf#page=60
58,BALL LIFT ASSEMBLY,60,61,65B**,000028771,"SHEAVE 4 1/4""",8270parts.pdf#page=60
58,BALL LIFT ASSEMBLY,60,61,22,900112161,BEARING SL .753 X 1,8270parts.pdf#page=60
58,BALL LIFT ASSEMBLY,60,61,66,700107170,ADHSVE-LKTE 609,8270parts.pdf#page=60
58,BALL LIFT ASSEMBLY,60,61,23,070001995,YOKE ASSEMBLY-W/ BEARING NUT,8270parts.pdf#page=60
58,BALL LIFT ASSEMBLY,60,61,67,070008210,SHEAVE,8270parts.pdf#page=60
58,BALL LIFT ASSEMBLY,60,61,24,000024661,PULLEY,8270parts.pdf#page=60
58,BALL LIFT ASSEMBLY,60,61,68,070008211,SHEAVE,8270parts.pdf#page=60
58,BALL LIFT ASSEMBLY,60,61,25,000024720,LINK ASSEMBLY UPPER,8270parts.pdf#page=60
58,BALL LIFT ASSEMBLY,60,61,69,700107146,ADHSVE-LKTTE TL242 - OBS,8270parts.pdf#page=60
58,BALL LIFT ASSEMBLY,60,61,26,000024716,SPRING HOLDER,8270parts.pdf#page=60
58,BALL LIFT ASSEMBLY,60,61,70,806265160,SCREW-STSQ 3/8-16 X 1 CP,8270parts.pdf#page=60
58,BALL LIFT ASSEMBLY,60,61,27,900112203,BEARING SL .753 X 1 X 1 1/4,8270parts.pdf#page=60
58,BALL LIFT ASSEMBLY,60,61,71,807265080,SCREW-STSO3/8-16 X 1/2 CP,8270parts.pdf#page=60
58,BALL LIFT ASSEMBLY,60,61,28,000028737,SHAFT,8270parts.pdf#page=60
58,BALL LIFT ASSEMBLY,60,61,72,856070002,NUT-FLANGED 7/16-20,8270parts.pdf#page=60
58,BALL LIFT ASSEMBLY,60,61,29,000029613,RAIL,8270parts.pdf#page=60
58,BALL LIFT ASSEMBLY,60,61,73,710501007,FITTNG-ALMTE 1792B,8270parts.pdf#page=60
58,BALL LIFT ASSEMBLY,60,61,30*,070006320,"SHAFT ASSY ADJ 9 1/2"" TO 11"" SPACING",8270parts.pdf#page=60
58,BALL LIFT ASSEMBLY,60,61,74,807265060,3/8-3/16 X 3/,8270parts.pdf#page=60
58,BALL LIFT ASSEMBLY,60,61,8,SOCKET,"SET, CUP PT",8270parts.pdf#page=60
58,BALL LIFT ASSEMBLY,60,61,31*,070006325,"SHAFT ASSY FIXED 9 1/2"" TO 11"" SPACING",8270parts.pdf#page=60
58,BALL LIFT ASSEMBLY,60,61,75,809865165,SCREW-HEX 3/8-16 X 1,8270parts.pdf#page=60
58,BALL LIFT ASSEMBLY,60,61,32*,070006328,"SHAFT ASSY FIXED 11"" TO 12 5/8"" SPACING",8270parts.pdf#page=60
58,BALL LIFT ASSEMBLY,60,61,76,809865445,3/8-16 X 2-3/4 HEX BOLT,8270parts.pdf#page=60
58,BALL LIFT ASSEMBLY,60,61,33*,070006329,"SHAFT ASSY ADJ 11"" TO 12 5/8"" SPACING",8270parts.pdf#page=60
58,BALL LIFT ASSEMBLY,60,61,77,839665002,NUT-FLX 3/8-16,8270parts.pdf#page=60
58,BALL LIFT ASSEMBLY,60,61,36A,070011797,BEARING BALL-D BORE,8270parts.pdf#page=60
58,BALL LIFT ASSEMBLY,60,61,78,840057002,NUT-FLEX THIN5/16-18,8270parts.pdf#page=60
58,BALL LIFT ASSEMBLY,60,61,36B,610905704,STRT BOR BRNG & SPCR KIT,8270parts.pdf#page=60
58,BALL LIFT ASSEMBLY,60,61,79,845100000,NUT-LK-BEARING N-10,8270parts.pdf#page=60
58,BALL LIFT ASSEMBLY,60,61,37A,070011795,SHAFT-UPPER D,8270parts.pdf#page=60
58,BALL LIFT ASSEMBLY,60,61,80,919005800,RING-RET. 5100-75,8270parts.pdf#page=60
58,BALL LIFT ASSEMBLY,60,61,37B,610900711,STRAIGHT SHFT&SPACER KIT UPPER,8270parts.pdf#page=60
58,BALL LIFT ASSEMBLY,60,61,81,948761112,5/,8270parts.pdf#page=60
58,BALL LIFT ASSEMBLY,60,61,16,WROUGHT,WASHER,8270parts.pdf#page=60
58,BALL LIFT ASSEMBLY,60,61,38,070006748,SPACER,8270parts.pdf#page=60
58,BALL LIFT ASSEMBLY,60,61,82,951164002,WASHER-LK-SPLIT 3/8,8270parts.pdf#page=60
58,BALL LIFT ASSEMBLY,60,61,39,070011004,TUBE&SUPPT ASSEMBLY,8270parts.pdf#page=60
58,BALL LIFT ASSEMBLY,60,61,83,839549002,NUT-FLX-TK 1/4-20 HT,8270parts.pdf#page=60
58,BALL LIFT ASSEMBLY,60,61,40,000024606,SUPPORT,8270parts.pdf#page=60
58,BALL LIFT ASSEMBLY,60,61,84,070008212,SPACER,8270parts.pdf#page=60
58,BALL LIFT ASSEMBLY,60,61,41,000024607,TUBE,8270parts.pdf#page=60
58,BALL LIFT ASSEMBLY,60,61,85,612070013,BALL LIFT PRESSURE KIT,8270parts.pdf#page=60
58,BALL LIFT ASSEMBLY,60,61,42,070011002,SUPPORT,8270parts.pdf#page=60
58,BALL LIFT ASSEMBLY,60,61,86,070011832,PRESSURE PLT FOR BALL LIFT,8270parts.pdf#page=60
58,BALL LIFT ASSEMBLY,60,61,43,809849365,SCREW-HEX 1/4-20 X 2 1/4,8270parts.pdf#page=60
58,BALL LIFT ASSEMBLY,60,61,88,070008212,SPACER (NOT SHOWN),8270parts.pdf#page=60
58,BALL LIFT ASSEMBLY,60,61,44,070011042,BELT TIGHTNER,8270parts.pdf#page=60
58,BALL LIFT ASSEMBLY,60,61,87,000027642,WASHER,8270parts.pdf#page=60
58,BALL LIFT ASSEMBLY,60,61,45,000021408,IDLER PULLEY ASM,8270parts.pdf#page=60
58,BALL LIFT ASSEMBLY,60,61,89,070011052,BALL LIFT ASSEMBLY,8270parts.pdf#page=60
58,BALL LIFT ASSEMBLY,60,61,46,000021408,IDLER PULLEY ASM,8270parts.pdf#page=60
58,BALL LIFT ASSEMBLY,60,61,47,900208161,BEARING FL .503 X .875 X 1,8270parts.pdf#page=60
58,BALL LIFT ASSEMBLY,60,61,NOT SHOWN,950001008,SPACER,8270parts.pdf#page=60
60,SPRING LOADED DRIVE LINK ASSEMBLY & KICKER ROLLERS,62,67,1,000021409,BELT TIGHTNER ASSEMBLY,8270parts.pdf#page=62
60,SPRING LOADED DRIVE LINK ASSEMBLY & KICKER ROLLERS,62,67,72,000022218,IDLER ARM ASSEMBLY LH,8270parts.pdf#page=62
60,SPRING LOADED DRIVE LINK ASSEMBLY & KICKER ROLLERS,62,67,2,000024673,SPRING-DIST,8270parts.pdf#page=62
60,SPRING LOADED DRIVE LINK ASSEMBLY & KICKER ROLLERS,62,67,74,700107200,ADHESIVE - OBS,8270parts.pdf#page=62
60,SPRING LOADED DRIVE LINK ASSEMBLY & KICKER ROLLERS,62,67,3,900112121,BEARING SL .753 X 3/4 LG,8270parts.pdf#page=62
60,SPRING LOADED DRIVE LINK ASSEMBLY & KICKER ROLLERS,62,67,75,900108081,BEARING SL BZ .503 X 1/2LG,8270parts.pdf#page=62
60,SPRING LOADED DRIVE LINK ASSEMBLY & KICKER ROLLERS,62,67,4,948975172,1/2 USS WROUGHT WASHER TYPE A,8270parts.pdf#page=62
60,SPRING LOADED DRIVE LINK ASSEMBLY & KICKER ROLLERS,62,67,76,000021417,IDLER ROLLER ASSEMBLY,8270parts.pdf#page=62
60,SPRING LOADED DRIVE LINK ASSEMBLY & KICKER ROLLERS,62,67,5,963600002,WASHER-X 1/4 9000-16,8270parts.pdf#page=62
60,SPRING LOADED DRIVE LINK ASSEMBLY & KICKER ROLLERS,62,67,77,000022096,IDLER ASM ELEV,8270parts.pdf#page=62
60,SPRING LOADED DRIVE LINK ASSEMBLY & KICKER ROLLERS,62,67,6,000029603,SHAFT,8270parts.pdf#page=62
60,SPRING LOADED DRIVE LINK ASSEMBLY & KICKER ROLLERS,62,67,78,809849145,SCREW-HEX 1/4-20 X 7/8,8270parts.pdf#page=62
60,SPRING LOADED DRIVE LINK ASSEMBLY & KICKER ROLLERS,62,67,6A,000021435,SHAFT SPECIAL,8270parts.pdf#page=62
60,SPRING LOADED DRIVE LINK ASSEMBLY & KICKER ROLLERS,62,67,79,000022173,NUT-SPECIAL,8270parts.pdf#page=62
60,SPRING LOADED DRIVE LINK ASSEMBLY & KICKER ROLLERS,62,67,7,919005800,RING-RET. 5100-75,8270parts.pdf#page=62
60,SPRING LOADED DRIVE LINK ASSEMBLY & KICKER ROLLERS,62,67,80,000029638,BASE-ROLLER,8270parts.pdf#page=62
60,SPRING LOADED DRIVE LINK ASSEMBLY & KICKER ROLLERS,62,67,8,000021408,IDLER PULLEY ASM,8270parts.pdf#page=62
60,SPRING LOADED DRIVE LINK ASSEMBLY & KICKER ROLLERS,62,67,81,000024745,NUT PLATE ASM,8270parts.pdf#page=62
60,SPRING LOADED DRIVE LINK ASSEMBLY & KICKER ROLLERS,62,67,9,070002072,SHAFT-IDLER,8270parts.pdf#page=62
60,SPRING LOADED DRIVE LINK ASSEMBLY & KICKER ROLLERS,62,67,82,000029959,PAD-FILLER ASSEMBLY,8270parts.pdf#page=62
60,SPRING LOADED DRIVE LINK ASSEMBLY & KICKER ROLLERS,62,67,10,000029628,ARM-IDLER,8270parts.pdf#page=62
60,SPRING LOADED DRIVE LINK ASSEMBLY & KICKER ROLLERS,62,67,83,000025638,BUMPER RUBBER-3/16,8270parts.pdf#page=62
60,SPRING LOADED DRIVE LINK ASSEMBLY & KICKER ROLLERS,62,67,11,000022099,BELT-V PITCH LT 1133,8270parts.pdf#page=62
60,SPRING LOADED DRIVE LINK ASSEMBLY & KICKER ROLLERS,62,67,84,000024678,FILLER ASSEMBLY-FRONT,8270parts.pdf#page=62
60,SPRING LOADED DRIVE LINK ASSEMBLY & KICKER ROLLERS,62,67,12,844073002,1/2-,8270parts.pdf#page=62
60,SPRING LOADED DRIVE LINK ASSEMBLY & KICKER ROLLERS,62,67,13,STOVER,LOCKNUT,8270parts.pdf#page=62
60,SPRING LOADED DRIVE LINK ASSEMBLY & KICKER ROLLERS,62,67,85,000024628,PAD-RUBBER,8270parts.pdf#page=62
60,SPRING LOADED DRIVE LINK ASSEMBLY & KICKER ROLLERS,62,67,13,000024599,ADJ.SPEED SHEAVE-RUDDER ARM,8270parts.pdf#page=62
60,SPRING LOADED DRIVE LINK ASSEMBLY & KICKER ROLLERS,62,67,86,000024624,SEGMENT-REAR RH,8270parts.pdf#page=62
60,SPRING LOADED DRIVE LINK ASSEMBLY & KICKER ROLLERS,62,67,14,000027710,BELT-V-,8270parts.pdf#page=62
60,SPRING LOADED DRIVE LINK ASSEMBLY & KICKER ROLLERS,62,67,36,OUTSIDE,86A 000024623 SEGMENT-REAR LH,8270parts.pdf#page=62
60,SPRING LOADED DRIVE LINK ASSEMBLY & KICKER ROLLERS,62,67,15,000027264,SPACER,8270parts.pdf#page=62
60,SPRING LOADED DRIVE LINK ASSEMBLY & KICKER ROLLERS,62,67,87,000024625,SEGMENT-FRONT RH,8270parts.pdf#page=62
60,SPRING LOADED DRIVE LINK ASSEMBLY & KICKER ROLLERS,62,67,16,701320045,BEARING TH .628 X 1 X 1/8,8270parts.pdf#page=62
60,SPRING LOADED DRIVE LINK ASSEMBLY & KICKER ROLLERS,62,67,87A,000024626,SEGMENT FRONT LH,8270parts.pdf#page=62
60,SPRING LOADED DRIVE LINK ASSEMBLY & KICKER ROLLERS,62,67,17,070011132,BELT TENSIONER ASY,8270parts.pdf#page=62
60,SPRING LOADED DRIVE LINK ASSEMBLY & KICKER ROLLERS,62,67,88,000024618,NUT-CARRIAGE ASSEMBLY,8270parts.pdf#page=62
60,SPRING LOADED DRIVE LINK ASSEMBLY & KICKER ROLLERS,62,67,17A,000029659,HANGER ARM ASM,8270parts.pdf#page=62
60,SPRING LOADED DRIVE LINK ASSEMBLY & KICKER ROLLERS,62,67,89,808957160,SCREW-SOFL 5/16-18 X 1 NY,8270parts.pdf#page=62
60,SPRING LOADED DRIVE LINK ASSEMBLY & KICKER ROLLERS,62,67,18,000029608,SHAFT-SHEAVE,8270parts.pdf#page=62
60,SPRING LOADED DRIVE LINK ASSEMBLY & KICKER ROLLERS,62,67,90,821438082,"SCREW, HEX HEAD SLOTTED (TYPE AB) #10 X 1/2",8270parts.pdf#page=62
60,SPRING LOADED DRIVE LINK ASSEMBLY & KICKER ROLLERS,62,67,19,000029606,SHAFT-PIVOT-SHORT,8270parts.pdf#page=62
60,SPRING LOADED DRIVE LINK ASSEMBLY & KICKER ROLLERS,62,67,92,000024612,PAD-STARTER,8270parts.pdf#page=62
60,SPRING LOADED DRIVE LINK ASSEMBLY & KICKER ROLLERS,62,67,20,919005600,RING-RET. 5100-62,8270parts.pdf#page=62
60,SPRING LOADED DRIVE LINK ASSEMBLY & KICKER ROLLERS,62,67,93,000024676,BRKT-LOWER TRACK,8270parts.pdf#page=62
60,SPRING LOADED DRIVE LINK ASSEMBLY & KICKER ROLLERS,62,67,21,900110081,BEARING SL .628 X.878 X 1/2,8270parts.pdf#page=62
60,SPRING LOADED DRIVE LINK ASSEMBLY & KICKER ROLLERS,62,67,94,000024634,SHAFT,8270parts.pdf#page=62
60,SPRING LOADED DRIVE LINK ASSEMBLY & KICKER ROLLERS,62,67,22,900110141,BEARING SL .628 X.878 X 7/8,8270parts.pdf#page=62
60,SPRING LOADED DRIVE LINK ASSEMBLY & KICKER ROLLERS,62,67,95,000024681,SCREW-HEX HD CAP,8270parts.pdf#page=62
60,SPRING LOADED DRIVE LINK ASSEMBLY & KICKER ROLLERS,62,67,23,900110161,BEARING SL .628 X1,8270parts.pdf#page=62
60,SPRING LOADED DRIVE LINK ASSEMBLY & KICKER ROLLERS,62,67,96,839549002,NUT-FLX-TK 1/4-20 HT,8270parts.pdf#page=62
60,SPRING LOADED DRIVE LINK ASSEMBLY & KICKER ROLLERS,62,67,24,000029609,SPRING TORSION,8270parts.pdf#page=62
60,SPRING LOADED DRIVE LINK ASSEMBLY & KICKER ROLLERS,62,67,97,000029612,SPRING TORSION,8270parts.pdf#page=62
60,SPRING LOADED DRIVE LINK ASSEMBLY & KICKER ROLLERS,62,67,25,000029605,SHAFT-PIVOT,8270parts.pdf#page=62
60,SPRING LOADED DRIVE LINK ASSEMBLY & KICKER ROLLERS,62,67,98,000024631,BEARING FL .752 X .877 X .151,8270parts.pdf#page=62
60,SPRING LOADED DRIVE LINK ASSEMBLY & KICKER ROLLERS,62,67,26,806265160,SCREW 3/8-16 X 1,8270parts.pdf#page=62
60,SPRING LOADED DRIVE LINK ASSEMBLY & KICKER ROLLERS,62,67,99,856070002,NUT-FLANGED 7/16-20,8270parts.pdf#page=62
60,SPRING LOADED DRIVE LINK ASSEMBLY & KICKER ROLLERS,62,67,27,000028866,RING - OBS,8270parts.pdf#page=62
60,SPRING LOADED DRIVE LINK ASSEMBLY & KICKER ROLLERS,62,67,100,000024806,SHEAVE,8270parts.pdf#page=62
60,SPRING LOADED DRIVE LINK ASSEMBLY & KICKER ROLLERS,62,67,28,000029601,SPRING,8270parts.pdf#page=62
60,SPRING LOADED DRIVE LINK ASSEMBLY & KICKER ROLLERS,62,67,101,807265080,SCREW-STSO 3/8-16 X 1/2 CP,8270parts.pdf#page=62
60,SPRING LOADED DRIVE LINK ASSEMBLY & KICKER ROLLERS,62,67,29,844057002,5/16-,8270parts.pdf#page=62
60,SPRING LOADED DRIVE LINK ASSEMBLY & KICKER ROLLERS,62,67,18,STOVER,LOCKNUT,8270parts.pdf#page=62
60,SPRING LOADED DRIVE LINK ASSEMBLY & KICKER ROLLERS,62,67,102,700107146,ADHSVE-LKTTE TL242 - OBS,8270parts.pdf#page=62
60,SPRING LOADED DRIVE LINK ASSEMBLY & KICKER ROLLERS,62,67,30,948761112,5/,8270parts.pdf#page=62
60,SPRING LOADED DRIVE LINK ASSEMBLY & KICKER ROLLERS,62,67,16,WROUGHT,WASHER,8270parts.pdf#page=62
60,SPRING LOADED DRIVE LINK ASSEMBLY & KICKER ROLLERS,62,67,103,000024811,PULLEY ASSEMBLY RH,8270parts.pdf#page=62
60,SPRING LOADED DRIVE LINK ASSEMBLY & KICKER ROLLERS,62,67,31,809857165,SCREW-HEX 5/16-18 X 1,8270parts.pdf#page=62
60,SPRING LOADED DRIVE LINK ASSEMBLY & KICKER ROLLERS,62,67,104,000024661,PULLEY,8270parts.pdf#page=62
60,SPRING LOADED DRIVE LINK ASSEMBLY & KICKER ROLLERS,62,67,32,070011319,SUPPORTRUDDERARM,8270parts.pdf#page=62
60,SPRING LOADED DRIVE LINK ASSEMBLY & KICKER ROLLERS,62,67,105,090002450,BALL LIFT BELT,8270parts.pdf#page=62
60,SPRING LOADED DRIVE LINK ASSEMBLY & KICKER ROLLERS,62,67,33,809857205,SCREW-HEX 5/16-18 X 1 1/4,8270parts.pdf#page=62
60,SPRING LOADED DRIVE LINK ASSEMBLY & KICKER ROLLERS,62,67,106,806265160,SCREW-STSQ 3/8-16 X 1 CP,8270parts.pdf#page=62
60,SPRING LOADED DRIVE LINK ASSEMBLY & KICKER ROLLERS,62,67,34,000022092,CRANK PLATE WELDMENT,8270parts.pdf#page=62
60,SPRING LOADED DRIVE LINK ASSEMBLY & KICKER ROLLERS,62,67,107,610905704,STRT BOR BRNG & SPCR KIT,8270parts.pdf#page=62
60,SPRING LOADED DRIVE LINK ASSEMBLY & KICKER ROLLERS,62,67,108,070006748,SPACER,8270parts.pdf#page=62
60,SPRING LOADED DRIVE LINK ASSEMBLY & KICKER ROLLERS,62,67,36,000029695,SHAFT WELD-CRANK,8270parts.pdf#page=62
60,SPRING LOADED DRIVE LINK ASSEMBLY & KICKER ROLLERS,62,67,109,090003401,CLUTCH RACE-WITH SLOT,8270parts.pdf#page=62
60,SPRING LOADED DRIVE LINK ASSEMBLY & KICKER ROLLERS,62,67,37,000021427,BEARING FL .629 X .878 X 1/8,8270parts.pdf#page=62
60,SPRING LOADED DRIVE LINK ASSEMBLY & KICKER ROLLERS,62,67,110,000024812,PULLEY ASSEMBLY LH,8270parts.pdf#page=62
60,SPRING LOADED DRIVE LINK ASSEMBLY & KICKER ROLLERS,62,67,38,000029696,TUBE ADJUSTMENT ASSEMBLY,8270parts.pdf#page=62
60,SPRING LOADED DRIVE LINK ASSEMBLY & KICKER ROLLERS,62,67,111,610900709,STRT SHFT & SPCER KIT LOWR,8270parts.pdf#page=62
60,SPRING LOADED DRIVE LINK ASSEMBLY & KICKER ROLLERS,62,67,39,000021423,COLLAR 5/8 X 1 1/8 X 1/2,8270parts.pdf#page=62
60,SPRING LOADED DRIVE LINK ASSEMBLY & KICKER ROLLERS,62,67,112,000024651,LINK ASSEMBLY,8270parts.pdf#page=62
60,SPRING LOADED DRIVE LINK ASSEMBLY & KICKER ROLLERS,62,67,40,807249040,1/4-20 X1/4 SCKT SET SCREW CUP,8270parts.pdf#page=62
60,SPRING LOADED DRIVE LINK ASSEMBLY & KICKER ROLLERS,62,67,113,000024659,YOKE LOWER,8270parts.pdf#page=62
60,SPRING LOADED DRIVE LINK ASSEMBLY & KICKER ROLLERS,62,67,41,530029596,NUT-LOCKING USED - OBS,8270parts.pdf#page=62
60,SPRING LOADED DRIVE LINK ASSEMBLY & KICKER ROLLERS,62,67,114,000029660,SHAFT,8270parts.pdf#page=62
60,SPRING LOADED DRIVE LINK ASSEMBLY & KICKER ROLLERS,62,67,42,000021428,TUBE ADJUSTING ASSY,8270parts.pdf#page=62
60,SPRING LOADED DRIVE LINK ASSEMBLY & KICKER ROLLERS,62,67,115,840057002,5/16-18 FLEX NUT,8270parts.pdf#page=62
60,SPRING LOADED DRIVE LINK ASSEMBLY & KICKER ROLLERS,62,67,43,000029611,UNIBAL BEARING WASHER,8270parts.pdf#page=62
60,SPRING LOADED DRIVE LINK ASSEMBLY & KICKER ROLLERS,62,67,116,070006320,"SHAFT ASSY ADJ 9 1/2"" TO 11"" SPACING",8270parts.pdf#page=62
60,SPRING LOADED DRIVE LINK ASSEMBLY & KICKER ROLLERS,62,67,44,000029614,HEIM UNIBAL,8270parts.pdf#page=62
60,SPRING LOADED DRIVE LINK ASSEMBLY & KICKER ROLLERS,62,67,116A,070006329,"SHAFT ASSY ADJ 11"" TO 12 5/8"" SPACING",8270parts.pdf#page=62
60,SPRING LOADED DRIVE LINK ASSEMBLY & KICKER ROLLERS,62,67,45,809865245,SCREW-HEX 3/8-16 X 1 1/2,8270parts.pdf#page=62
60,SPRING LOADED DRIVE LINK ASSEMBLY & KICKER ROLLERS,62,67,117,070006325,"SHAFT ASSY FIXED 9 1/2"" TO 11"" SPACING",8270parts.pdf#page=62
60,SPRING LOADED DRIVE LINK ASSEMBLY & KICKER ROLLERS,62,67,46,070002097,SHEAVE-CARPET DRIVE,8270parts.pdf#page=62
60,SPRING LOADED DRIVE LINK ASSEMBLY & KICKER ROLLERS,62,67,117A,070006328,"SHAFT ASSY FIXED 11"" TO 12 5/8"" SPACING",8270parts.pdf#page=62
60,SPRING LOADED DRIVE LINK ASSEMBLY & KICKER ROLLERS,62,67,47,000028865,BELT-V PITCH LT 34 5,8270parts.pdf#page=62
60,SPRING LOADED DRIVE LINK ASSEMBLY & KICKER ROLLERS,62,67,118,000028737,SHAFT,8270parts.pdf#page=62
60,SPRING LOADED DRIVE LINK ASSEMBLY & KICKER ROLLERS,62,67,48,907000900,KEY-HY PRO 910,8270parts.pdf#page=62
60,SPRING LOADED DRIVE LINK ASSEMBLY & KICKER ROLLERS,62,67,119,000024720,LINK ASSEMBLY UPPER,8270parts.pdf#page=62
60,SPRING LOADED DRIVE LINK ASSEMBLY & KICKER ROLLERS,62,67,49,839665002,NUT-FLX 3/8-16,8270parts.pdf#page=62
60,SPRING LOADED DRIVE LINK ASSEMBLY & KICKER ROLLERS,62,67,120,000024716,SPRING HOLDER,8270parts.pdf#page=62
60,SPRING LOADED DRIVE LINK ASSEMBLY & KICKER ROLLERS,62,67,50,802865996,SCREW-HHC 3/8-16 X 9 1/2,8270parts.pdf#page=62
60,SPRING LOADED DRIVE LINK ASSEMBLY & KICKER ROLLERS,62,67,121,900112203,BEARING SL .753 X 1 X 1 1/4,8270parts.pdf#page=62
60,SPRING LOADED DRIVE LINK ASSEMBLY & KICKER ROLLERS,62,67,51,900212201,BEARING FL .753 X 1 X 1.25,8270parts.pdf#page=62
60,SPRING LOADED DRIVE LINK ASSEMBLY & KICKER ROLLERS,62,67,122,070011289,BRKT SHOCK ABSORBER,8270parts.pdf#page=62
60,SPRING LOADED DRIVE LINK ASSEMBLY & KICKER ROLLERS,62,67,52,000024615,SHAFT,8270parts.pdf#page=62
60,SPRING LOADED DRIVE LINK ASSEMBLY & KICKER ROLLERS,62,67,123,831566002BG,NUT- HEX 3/8 - 24 (BAG 10),8270parts.pdf#page=62
60,SPRING LOADED DRIVE LINK ASSEMBLY & KICKER ROLLERS,62,67,53,070011067,RUDDER ARM SUPT,8270parts.pdf#page=62
60,SPRING LOADED DRIVE LINK ASSEMBLY & KICKER ROLLERS,62,67,124,000028057,RETAINER CUSH GUIDE,8270parts.pdf#page=62
60,SPRING LOADED DRIVE LINK ASSEMBLY & KICKER ROLLERS,62,67,54,000024616,CLAMP STUD,8270parts.pdf#page=62
60,SPRING LOADED DRIVE LINK ASSEMBLY & KICKER ROLLERS,62,67,125,000027996,CUSHION-RUBBER,8270parts.pdf#page=62
60,SPRING LOADED DRIVE LINK ASSEMBLY & KICKER ROLLERS,62,67,55,835573002,NUT-HEX-JAM 1/2-13 CD,8270parts.pdf#page=62
60,SPRING LOADED DRIVE LINK ASSEMBLY & KICKER ROLLERS,62,67,126,000027998,RETAINER,8270parts.pdf#page=62
60,SPRING LOADED DRIVE LINK ASSEMBLY & KICKER ROLLERS,62,67,56,000029671,LINK-DR.RUDDER ASSEMBLY,8270parts.pdf#page=62
60,SPRING LOADED DRIVE LINK ASSEMBLY & KICKER ROLLERS,62,67,127,948983212,5/,8270parts.pdf#page=62
60,SPRING LOADED DRIVE LINK ASSEMBLY & KICKER ROLLERS,62,67,8,WROUGHT,WASHER,8270parts.pdf#page=62
60,SPRING LOADED DRIVE LINK ASSEMBLY & KICKER ROLLERS,62,67,57,000024614,ARM-RUDDER,8270parts.pdf#page=62
60,SPRING LOADED DRIVE LINK ASSEMBLY & KICKER ROLLERS,62,67,128,000029600,BELT-V-33 1/2 OUT,8270parts.pdf#page=62
60,SPRING LOADED DRIVE LINK ASSEMBLY & KICKER ROLLERS,62,67,58,000024622,PLUG RUDDER ARM,8270parts.pdf#page=62
60,SPRING LOADED DRIVE LINK ASSEMBLY & KICKER ROLLERS,62,67,129,000029661,SHOCK ABSORBER,8270parts.pdf#page=62
60,SPRING LOADED DRIVE LINK ASSEMBLY & KICKER ROLLERS,62,67,59*,070011408,PADDLE-KICKER ROLLER,8270parts.pdf#page=62
60,SPRING LOADED DRIVE LINK ASSEMBLY & KICKER ROLLERS,62,67,130,070011323,SHOCK ABSORBER ASSY,8270parts.pdf#page=62
60,SPRING LOADED DRIVE LINK ASSEMBLY & KICKER ROLLERS,62,67,131,835565002,3/8 X 16 HEX NUT - THIN,8270parts.pdf#page=62
60,SPRING LOADED DRIVE LINK ASSEMBLY & KICKER ROLLERS,62,67,60,809865405,SCREW-HEX 3/8-16 X 2 1/2,8270parts.pdf#page=62
60,SPRING LOADED DRIVE LINK ASSEMBLY & KICKER ROLLERS,62,67,132,000024610,STUD-CLAMP,8270parts.pdf#page=62
60,SPRING LOADED DRIVE LINK ASSEMBLY & KICKER ROLLERS,62,67,61,000022077,ROLLER SHAFT,8270parts.pdf#page=62
60,SPRING LOADED DRIVE LINK ASSEMBLY & KICKER ROLLERS,62,67,133,946400002,WASHER-25/64 X 23/32,8270parts.pdf#page=62
60,SPRING LOADED DRIVE LINK ASSEMBLY & KICKER ROLLERS,62,67,62,807257080,SCREW-STCP 5/16-18 X 1/2 - OBS,8270parts.pdf#page=62
60,SPRING LOADED DRIVE LINK ASSEMBLY & KICKER ROLLERS,62,67,134,000029607,BRKT-BALL ELEV,8270parts.pdf#page=62
60,SPRING LOADED DRIVE LINK ASSEMBLY & KICKER ROLLERS,62,67,63,000022080,RUBBER ROLLER,8270parts.pdf#page=62
60,SPRING LOADED DRIVE LINK ASSEMBLY & KICKER ROLLERS,62,67,135,809857125,5/16 18X3/4,8270parts.pdf#page=62
60,SPRING LOADED DRIVE LINK ASSEMBLY & KICKER ROLLERS,62,67,64,000024679,BEARING BL .625 X 1.375,8270parts.pdf#page=62
60,SPRING LOADED DRIVE LINK ASSEMBLY & KICKER ROLLERS,62,67,136,070004813,KICKER BALL LIFT ASSEMBLY,8270parts.pdf#page=62
60,SPRING LOADED DRIVE LINK ASSEMBLY & KICKER ROLLERS,62,67,65,700107370,ADHSVE-LKTE #290 - OBS,8270parts.pdf#page=62
60,SPRING LOADED DRIVE LINK ASSEMBLY & KICKER ROLLERS,62,67,138,000028540,SPRNGLOADED DRIVE LNK ASSEMBLY,8270parts.pdf#page=62
60,SPRING LOADED DRIVE LINK ASSEMBLY & KICKER ROLLERS,62,67,66,000025621,BEARING SL .502 X .689 X 2.495,8270parts.pdf#page=62
60,SPRING LOADED DRIVE LINK ASSEMBLY & KICKER ROLLERS,62,67,139,000028362,BUMPER-URETHANE,8270parts.pdf#page=62
60,SPRING LOADED DRIVE LINK ASSEMBLY & KICKER ROLLERS,62,67,67,913437200,PIN-SPRNG .187 X 1 1/4,8270parts.pdf#page=62
60,SPRING LOADED DRIVE LINK ASSEMBLY & KICKER ROLLERS,62,67,140,000024599,ADJUSTABLE SHEAVE,8270parts.pdf#page=62
60,SPRING LOADED DRIVE LINK ASSEMBLY & KICKER ROLLERS,62,67,68,000022082,PULLEY-ROLLER DRIVE,8270parts.pdf#page=62
60,SPRING LOADED DRIVE LINK ASSEMBLY & KICKER ROLLERS,62,67,70,000029610,SHAFT-ROLLER BASE,8270parts.pdf#page=62
60,SPRING LOADED DRIVE LINK ASSEMBLY & KICKER ROLLERS,62,67,71,000021407,IDLER ARM ASSEMBLY RH,8270parts.pdf#page=62
60,SPRING LOADED DRIVE LINK ASSEMBLY & KICKER ROLLERS,62,68,1,070005355,CONTROL BOX WELD - OBS,8270parts.pdf#page=62
60,SPRING LOADED DRIVE LINK ASSEMBLY & KICKER ROLLERS,62,68,13,000021217,TERMINAL BLOCK - OBS,8270parts.pdf#page=62
60,SPRING LOADED DRIVE LINK ASSEMBLY & KICKER ROLLERS,62,68,2,070005361,COVER-CONTROL BOX,8270parts.pdf#page=62
60,SPRING LOADED DRIVE LINK ASSEMBLY & KICKER ROLLERS,62,68,14,818233122,SCREW-SMRD 8-32 X 3/4,8270parts.pdf#page=62
60,SPRING LOADED DRIVE LINK ASSEMBLY & KICKER ROLLERS,62,68,3,000025865,PLUNGER SWITCH,8270parts.pdf#page=62
60,SPRING LOADED DRIVE LINK ASSEMBLY & KICKER ROLLERS,62,68,15,843133002,NUT-KEP 8-32 WASH,8270parts.pdf#page=62
60,SPRING LOADED DRIVE LINK ASSEMBLY & KICKER ROLLERS,62,68,4,070005529,SWITCH-SWEEP RUN,8270parts.pdf#page=62
60,SPRING LOADED DRIVE LINK ASSEMBLY & KICKER ROLLERS,62,68,16,070009821,CIRC BRKR-SPEC (,8270parts.pdf#page=62
60,SPRING LOADED DRIVE LINK ASSEMBLY & KICKER ROLLERS,62,68,5,760600002,TERM STRP MOLE X 668-A - OBS,8270parts.pdf#page=62
60,SPRING LOADED DRIVE LINK ASSEMBLY & KICKER ROLLERS,62,68,16A,000025292,CIRC BREAK AM12 (,8270parts.pdf#page=62
60,SPRING LOADED DRIVE LINK ASSEMBLY & KICKER ROLLERS,62,68,6,817921080,SCREW PNHD4-40 X 1/2 SEMS,8270parts.pdf#page=62
60,SPRING LOADED DRIVE LINK ASSEMBLY & KICKER ROLLERS,62,68,17,070009823,PLATE ADAPTR & SCREW,8270parts.pdf#page=62
60,SPRING LOADED DRIVE LINK ASSEMBLY & KICKER ROLLERS,62,68,7,843121002,NUT-KEP 4-40 WASH,8270parts.pdf#page=62
60,SPRING LOADED DRIVE LINK ASSEMBLY & KICKER ROLLERS,62,68,18,000029012,DOT PLUG BUTTON,8270parts.pdf#page=62
60,SPRING LOADED DRIVE LINK ASSEMBLY & KICKER ROLLERS,62,68,8,818227082,SCREW-SMRD 6-32 X 1/2,8270parts.pdf#page=62
60,SPRING LOADED DRIVE LINK ASSEMBLY & KICKER ROLLERS,62,68,19,724511006,TIN-NUT-SPD.C814-832,8270parts.pdf#page=62
60,SPRING LOADED DRIVE LINK ASSEMBLY & KICKER ROLLERS,62,68,9,843127002,NUT-KEP 6-32 WASH,8270parts.pdf#page=62
60,SPRING LOADED DRIVE LINK ASSEMBLY & KICKER ROLLERS,62,68,20,818233082,SCREW-SMRD 8-32 X 1/2,8270parts.pdf#page=62
60,SPRING LOADED DRIVE LINK ASSEMBLY & KICKER ROLLERS,62,68,10,818627042,SCREW-SMRD 6-32 X 1/4,8270parts.pdf#page=62
60,SPRING LOADED DRIVE LINK ASSEMBLY & KICKER ROLLERS,62,68,21,070006655,PLATE-MONOGRAM - OBS,8270parts.pdf#page=62
60,SPRING LOADED DRIVE LINK ASSEMBLY & KICKER ROLLERS,62,68,11,070005530,SWITCH-SWEEP REVERSE,8270parts.pdf#page=62
60,SPRING LOADED DRIVE LINK ASSEMBLY & KICKER ROLLERS,62,68,22,829905042,SCREW-DRPK 0 X 1/4 TY U,8270parts.pdf#page=62
60,SPRING LOADED DRIVE LINK ASSEMBLY & KICKER ROLLERS,62,68,12,000026037,SWITCH TOGGLE,8270parts.pdf#page=62
60,SPRING LOADED DRIVE LINK ASSEMBLY & KICKER ROLLERS,62,68,23,070007591,STRAP,8270parts.pdf#page=62
60,SPRING LOADED DRIVE LINK ASSEMBLY & KICKER ROLLERS,62,69,1,760019201,TERM SKT .062 DIA LP,8270parts.pdf#page=62
60,SPRING LOADED DRIVE LINK ASSEMBLY & KICKER ROLLERS,62,69,6,000029093,CLAMP STRAIN RELVR,8270parts.pdf#page=62
60,SPRING LOADED DRIVE LINK ASSEMBLY & KICKER ROLLERS,62,69,2,000025144,PLUG MALE 1-201357-1AMP9602P,8270parts.pdf#page=62
60,SPRING LOADED DRIVE LINK ASSEMBLY & KICKER ROLLERS,62,69,7,760017036,TERM-STRAIT AMP41729,8270parts.pdf#page=62
60,SPRING LOADED DRIVE LINK ASSEMBLY & KICKER ROLLERS,62,69,3,000028441,GUIDE SOCKET,8270parts.pdf#page=62
60,SPRING LOADED DRIVE LINK ASSEMBLY & KICKER ROLLERS,62,69,8,813321062,SCREW-PNHD 4-40 X 3/8 CD,8270parts.pdf#page=62
60,SPRING LOADED DRIVE LINK ASSEMBLY & KICKER ROLLERS,62,69,4,000028442,GUIDE PIN,8270parts.pdf#page=62
60,SPRING LOADED DRIVE LINK ASSEMBLY & KICKER ROLLERS,62,69,9,834821000,NUT-HEX 4-40,8270parts.pdf#page=62
60,SPRING LOADED DRIVE LINK ASSEMBLY & KICKER ROLLERS,62,69,5,000029013,LOCKING SPRING CLIP,8270parts.pdf#page=62
68,SWEEP & TABLE CAM SWITCH ASSEMBLY,70,70,1,000021575,INSULATOR,8270parts.pdf#page=70
68,SWEEP & TABLE CAM SWITCH ASSEMBLY,70,70,9,818227402,SCREW-RH 6-32 X 2 1/2,8270parts.pdf#page=70
68,SWEEP & TABLE CAM SWITCH ASSEMBLY,70,70,2,000021645,LEVER ASSEMBLY-SWITCH,8270parts.pdf#page=70
68,SWEEP & TABLE CAM SWITCH ASSEMBLY,70,70,10,818233082,SCREW-SMRD 8-32 X 1/2,8270parts.pdf#page=70
68,SWEEP & TABLE CAM SWITCH ASSEMBLY,70,70,3,000021714,SCREW-ADJUSTING,8270parts.pdf#page=70
68,SWEEP & TABLE CAM SWITCH ASSEMBLY,70,70,11,835550002,NUT-HEX-JAM 1/4-28,8270parts.pdf#page=70
68,SWEEP & TABLE CAM SWITCH ASSEMBLY,70,70,4,000024657,SPRING,8270parts.pdf#page=70
68,SWEEP & TABLE CAM SWITCH ASSEMBLY,70,70,12,843127002,NUT-KEP 6-32 WASH,8270parts.pdf#page=70
68,SWEEP & TABLE CAM SWITCH ASSEMBLY,70,70,5,000026042,SWITCH-MICRO,8270parts.pdf#page=70
68,SWEEP & TABLE CAM SWITCH ASSEMBLY,70,70,13,843133002,NUT-KEP 8-32 WASH,8270parts.pdf#page=70
68,SWEEP & TABLE CAM SWITCH ASSEMBLY,70,70,6,000026401,SHAFT,8270parts.pdf#page=70
68,SWEEP & TABLE CAM SWITCH ASSEMBLY,70,70,14,963200002,WASHER-X 1/8 9000-8,8270parts.pdf#page=70
68,SWEEP & TABLE CAM SWITCH ASSEMBLY,70,70,7,000026419,HOUSING WELDMENT,8270parts.pdf#page=70
68,SWEEP & TABLE CAM SWITCH ASSEMBLY,70,70,15,070006420,CAM SWITCH ASSY,8270parts.pdf#page=70
68,SWEEP & TABLE CAM SWITCH ASSEMBLY,70,70,8,744203014,CLAMP-BURNDY HP-6N,8270parts.pdf#page=70
68,SWEEP & TABLE CAM SWITCH ASSEMBLY,70,71,69,070007160,HARNESS-TABLE SWITCH,8270parts.pdf#page=70
68,SWEEP & TABLE CAM SWITCH ASSEMBLY,70,71,1,940268160,"APHLEX TUBING PVC (7/16 X 1'-8""LG.",8270parts.pdf#page=70
68,SWEEP & TABLE CAM SWITCH ASSEMBLY,70,71,2,760006195,TERM FLG .250 X .032 LP,8270parts.pdf#page=70
68,SWEEP & TABLE CAM SWITCH ASSEMBLY,70,71,3,760017036,TERM-STRAIT AMP41729,8270parts.pdf#page=70
68,SWEEP & TABLE CAM SWITCH ASSEMBLY,70,73,1,070007747,COVER,8270parts.pdf#page=70
68,SWEEP & TABLE CAM SWITCH ASSEMBLY,70,73,47B,000024719,RECEPTACLE,8270parts.pdf#page=70
68,SWEEP & TABLE CAM SWITCH ASSEMBLY,70,73,2,070007748,FRME WLD-CBLDCT-LONG,8270parts.pdf#page=70
68,SWEEP & TABLE CAM SWITCH ASSEMBLY,70,73,48,070005539,SPACER - OBS,8270parts.pdf#page=70
68,SWEEP & TABLE CAM SWITCH ASSEMBLY,70,73,3,070005570,PLUG DUCT WELDMT,8270parts.pdf#page=70
68,SWEEP & TABLE CAM SWITCH ASSEMBLY,70,73,49,711520021,GRMT-ATL 5/8ID 2864 - OBS,8270parts.pdf#page=70
68,SWEEP & TABLE CAM SWITCH ASSEMBLY,70,73,4,530705472,COVER LH USED - OBS,8270parts.pdf#page=70
68,SWEEP & TABLE CAM SWITCH ASSEMBLY,70,73,50,070006272,SWITCH CABLE ASSM,8270parts.pdf#page=70
68,SWEEP & TABLE CAM SWITCH ASSEMBLY,70,73,6,070007287,TERMINAL STRIP-17TRM - OBS,8270parts.pdf#page=70
68,SWEEP & TABLE CAM SWITCH ASSEMBLY,70,73,51,070005521,CABLE ASSEMBLY START SW. - OBS,8270parts.pdf#page=70
68,SWEEP & TABLE CAM SWITCH ASSEMBLY,70,73,8,000025078,BLOCK-TERMAMP2012981,8270parts.pdf#page=70
68,SWEEP & TABLE CAM SWITCH ASSEMBLY,70,73,52,070005094,CABLE ASSEMBLY BE MTR,8270parts.pdf#page=70
68,SWEEP & TABLE CAM SWITCH ASSEMBLY,70,73,9,000025556,CATCH-SPG.LOCK,8270parts.pdf#page=70
68,SWEEP & TABLE CAM SWITCH ASSEMBLY,70,73,53,746003008,CNECTR 90DEG 266 3/8,8270parts.pdf#page=70
68,SWEEP & TABLE CAM SWITCH ASSEMBLY,70,73,10,000028442,GUIDE PIN,8270parts.pdf#page=70
68,SWEEP & TABLE CAM SWITCH ASSEMBLY,70,73,54,746007002,CNCTR-SPLICE TAB - OBS,8270parts.pdf#page=70
68,SWEEP & TABLE CAM SWITCH ASSEMBLY,70,73,11,000028441,GUIDE SOCKET,8270parts.pdf#page=70
68,SWEEP & TABLE CAM SWITCH ASSEMBLY,70,73,55,770011010,TYRAP 14.19INCH LG,8270parts.pdf#page=70
68,SWEEP & TABLE CAM SWITCH ASSEMBLY,70,73,12,834621000,NUT-HEX 4-40 BRASS,8270parts.pdf#page=70
68,SWEEP & TABLE CAM SWITCH ASSEMBLY,70,73,56,724511074,TIN-NUT-SPD‘U’C-1505,8270parts.pdf#page=70
68,SWEEP & TABLE CAM SWITCH ASSEMBLY,70,73,13,070005531,PLATE-END-CABLE DUCT - OBS,8270parts.pdf#page=70
68,SWEEP & TABLE CAM SWITCH ASSEMBLY,70,73,57,812840082,SCREW-RDHD 10-32 X 1/2,8270parts.pdf#page=70
68,SWEEP & TABLE CAM SWITCH ASSEMBLY,70,73,14,070011801,C-,8270parts.pdf#page=70
68,SWEEP & TABLE CAM SWITCH ASSEMBLY,70,73,2A,HARNESS,ASSEMBLY RH,8270parts.pdf#page=70
68,SWEEP & TABLE CAM SWITCH ASSEMBLY,70,73,58,826032060,SCREW-TAT-WA8-3/8,8270parts.pdf#page=70
68,SWEEP & TABLE CAM SWITCH ASSEMBLY,70,73,15,070007286,TERMINAL STRIP-13TRM,8270parts.pdf#page=70
68,SWEEP & TABLE CAM SWITCH ASSEMBLY,70,73,59,818233122,SCREW-SMRD 8-32 X 3/4,8270parts.pdf#page=70
68,SWEEP & TABLE CAM SWITCH ASSEMBLY,70,73,16,711520017,GRMT-ATL 2764,8270parts.pdf#page=70
68,SWEEP & TABLE CAM SWITCH ASSEMBLY,70,73,60,948735062,"WASHER, PIN. (7/16 O.D. X 3/16 I.D.) - OBS",8270parts.pdf#page=70
68,SWEEP & TABLE CAM SWITCH ASSEMBLY,70,73,17,070005542,CABLE ASSEMBLY SWEEP MTR,8270parts.pdf#page=70
68,SWEEP & TABLE CAM SWITCH ASSEMBLY,70,73,61,843133002,NUT-KEP 8-32 WASH,8270parts.pdf#page=70
68,SWEEP & TABLE CAM SWITCH ASSEMBLY,70,73,19,010102210,CORD SO 18/3/600V,8270parts.pdf#page=70
68,SWEEP & TABLE CAM SWITCH ASSEMBLY,70,73,62,755010303,RECEPTACLE 3 WIRE TWIST LOCK,8270parts.pdf#page=70
68,SWEEP & TABLE CAM SWITCH ASSEMBLY,70,73,20,754020312,CNCTR & PRNGMALE 4720,8270parts.pdf#page=70
68,SWEEP & TABLE CAM SWITCH ASSEMBLY,70,73,64,746605011,CONT BLOCK MALE 2PIN,8270parts.pdf#page=70
68,SWEEP & TABLE CAM SWITCH ASSEMBLY,70,73,21,760015039,"TERMINAL, FLAT SPADE - OBS",8270parts.pdf#page=70
68,SWEEP & TABLE CAM SWITCH ASSEMBLY,70,73,65,818227082,SCREW-SMRD 6-32 X 1/2,8270parts.pdf#page=70
68,SWEEP & TABLE CAM SWITCH ASSEMBLY,70,73,22,742503004,SPLICE CAP BUCH2006S,8270parts.pdf#page=70
68,SWEEP & TABLE CAM SWITCH ASSEMBLY,70,73,66,843127002,NUT-KEP 6-32 WASH,8270parts.pdf#page=70
68,SWEEP & TABLE CAM SWITCH ASSEMBLY,70,73,23,742502002,CAP-NYLN INSL BU2007,8270parts.pdf#page=70
68,SWEEP & TABLE CAM SWITCH ASSEMBLY,70,73,67,809849085,SCREW-HEX 1/4-20 X 1/2,8270parts.pdf#page=70
68,SWEEP & TABLE CAM SWITCH ASSEMBLY,70,73,24,746001016,CNECTR-STR #3302 1/2,8270parts.pdf#page=70
68,SWEEP & TABLE CAM SWITCH ASSEMBLY,70,73,68,809849125,SCREW-HEX 1/4-20 X 3/4,8270parts.pdf#page=70
68,SWEEP & TABLE CAM SWITCH ASSEMBLY,70,73,25,000021652,PIT LIGHT ASSEMBLY 120/60,8270parts.pdf#page=70
68,SWEEP & TABLE CAM SWITCH ASSEMBLY,70,73,69,812833062,SCREW-RDHD 8-32 X 3/8 CD - OBS,8270parts.pdf#page=70
68,SWEEP & TABLE CAM SWITCH ASSEMBLY,70,73,25A,090008017,"DUAL PIT LIGHT ASSY 36"" 120/60",8270parts.pdf#page=70
68,SWEEP & TABLE CAM SWITCH ASSEMBLY,70,73,70,844049002,1/4-,8270parts.pdf#page=70
68,SWEEP & TABLE CAM SWITCH ASSEMBLY,70,73,20,STOVER,26,8270parts.pdf#page=70
68,SWEEP & TABLE CAM SWITCH ASSEMBLY,70,73,000027444,FLRSCNT,LAMP STARTER,8270parts.pdf#page=70
68,SWEEP & TABLE CAM SWITCH ASSEMBLY,70,73,71,818627042,SCREW-SMRD 6-32 X 1/4,8270parts.pdf#page=70
68,SWEEP & TABLE CAM SWITCH ASSEMBLY,70,73,27,751001423,LAMP FLOURESCENT 30W,8270parts.pdf#page=70
68,SWEEP & TABLE CAM SWITCH ASSEMBLY,70,73,72,813340042,SCREW-PNHD 10-32 X 1/4 CD,8270parts.pdf#page=70
68,SWEEP & TABLE CAM SWITCH ASSEMBLY,70,73,27A,751001254,"LAMP, DAYLIGHT F30T DIRS",8270parts.pdf#page=70
68,SWEEP & TABLE CAM SWITCH ASSEMBLY,70,73,73,818239122,SCREW-SMRD 10-24 X 3/4,8270parts.pdf#page=70
68,SWEEP & TABLE CAM SWITCH ASSEMBLY,70,73,27B,751001460,"BLACK LIGHT 36""",8270parts.pdf#page=70
68,SWEEP & TABLE CAM SWITCH ASSEMBLY,70,73,74,839539002,NUT-FLX-TK 10-24 HT,8270parts.pdf#page=70
68,SWEEP & TABLE CAM SWITCH ASSEMBLY,70,73,27C,751001464,"BLACK LIGHT 48""- OBS",8270parts.pdf#page=70
68,SWEEP & TABLE CAM SWITCH ASSEMBLY,70,73,75,070005639,DECAL,8270parts.pdf#page=70
68,SWEEP & TABLE CAM SWITCH ASSEMBLY,70,73,28,740501001,BALLAST-120/60,8270parts.pdf#page=70
68,SWEEP & TABLE CAM SWITCH ASSEMBLY,70,73,76,744203014,CLAMP-BURNDY HP-6N,8270parts.pdf#page=70
68,SWEEP & TABLE CAM SWITCH ASSEMBLY,70,73,29,070007370,ANGLE PIT LIGHT MNT,8270parts.pdf#page=70
68,SWEEP & TABLE CAM SWITCH ASSEMBLY,70,73,77,828127062,6-32X3/8,8270parts.pdf#page=70
68,SWEEP & TABLE CAM SWITCH ASSEMBLY,70,73,30,070001907,BRKT-SUP-PIT LITE RH,8270parts.pdf#page=70
68,SWEEP & TABLE CAM SWITCH ASSEMBLY,70,73,78,812627122,SCREW-RDHD 6-32 X 3/4,8270parts.pdf#page=70
68,SWEEP & TABLE CAM SWITCH ASSEMBLY,70,73,31,070001908,BRKT-SUP-PIT LITE LH,8270parts.pdf#page=70
68,SWEEP & TABLE CAM SWITCH ASSEMBLY,70,73,79,829905042,SCREW-DRPK 0 X1/4 TY U,8270parts.pdf#page=70
68,SWEEP & TABLE CAM SWITCH ASSEMBLY,70,73,32,070007160,TABLE CAM HARNESS - OBS,8270parts.pdf#page=70
68,SWEEP & TABLE CAM SWITCH ASSEMBLY,70,73,80,070006473,CABLE ASSEMBLY C1,8270parts.pdf#page=70
68,SWEEP & TABLE CAM SWITCH ASSEMBLY,70,73,33,070005534,CBL ASSEMBLY-OFF SPOT,8270parts.pdf#page=70
68,SWEEP & TABLE CAM SWITCH ASSEMBLY,70,73,81,070006781,COVER PLATE - OBS,8270parts.pdf#page=70
68,SWEEP & TABLE CAM SWITCH ASSEMBLY,70,73,34,070007751,CABLE-TBL MTR 3 CONO,8270parts.pdf#page=70
68,SWEEP & TABLE CAM SWITCH ASSEMBLY,70,73,82,826149062,SCREW-TAP-1/4-20 X 3/8 - OBS,8270parts.pdf#page=70
68,SWEEP & TABLE CAM SWITCH ASSEMBLY,70,73,35,000025576,HI VOLT BARRIER - OBS,8270parts.pdf#page=70
68,SWEEP & TABLE CAM SWITCH ASSEMBLY,70,73,83,070007377,END PLATE LH - OBS,8270parts.pdf#page=70
68,SWEEP & TABLE CAM SWITCH ASSEMBLY,70,73,36,743000020,CPTR-460-552MFD110AC,8270parts.pdf#page=70
68,SWEEP & TABLE CAM SWITCH ASSEMBLY,70,73,84,070006782,PLATE MTG.A&MC - OBS,8270parts.pdf#page=70
68,SWEEP & TABLE CAM SWITCH ASSEMBLY,70,73,37,070005604,CABLE-TABLE,8270parts.pdf#page=70
68,SWEEP & TABLE CAM SWITCH ASSEMBLY,70,73,85A,754010336,PLUG-3WIRE 30A 125V,8270parts.pdf#page=70
68,SWEEP & TABLE CAM SWITCH ASSEMBLY,70,73,38,070005219,BRKT-CAPACITOR - OBS,8270parts.pdf#page=70
68,SWEEP & TABLE CAM SWITCH ASSEMBLY,70,73,85B,754010337,PLUG-ARROWHRT 50HZ,8270parts.pdf#page=70
68,SWEEP & TABLE CAM SWITCH ASSEMBLY,70,73,39,070005217,STRAP BRACKET ASSY - OBS,8270parts.pdf#page=70
68,SWEEP & TABLE CAM SWITCH ASSEMBLY,70,73,86,818233082,SCREW-SMRD 8-32 X 1/2,8270parts.pdf#page=70
68,SWEEP & TABLE CAM SWITCH ASSEMBLY,70,73,40,070005465,COVER-CROSS BEAM LH - OBS,8270parts.pdf#page=70
68,SWEEP & TABLE CAM SWITCH ASSEMBLY,70,73,87,070001698,BRKT-PITLIGHT,8270parts.pdf#page=70
68,SWEEP & TABLE CAM SWITCH ASSEMBLY,70,73,41,000025603,TERMINAL BOARD,8270parts.pdf#page=70
68,SWEEP & TABLE CAM SWITCH ASSEMBLY,70,73,88,000026247,SWITCH,8270parts.pdf#page=70
68,SWEEP & TABLE CAM SWITCH ASSEMBLY,70,73,42,916931256,RESISTCT20W.10.1.25K,8270parts.pdf#page=70
68,SWEEP & TABLE CAM SWITCH ASSEMBLY,70,73,89,813227162,SCREW-PNHD 6-32 X 1 CD,8270parts.pdf#page=70
68,SWEEP & TABLE CAM SWITCH ASSEMBLY,70,73,43,070007288,TERMINAL STRIP-16TRM,8270parts.pdf#page=70
68,SWEEP & TABLE CAM SWITCH ASSEMBLY,70,73,90,839527002,6-32 FLEX NUT,8270parts.pdf#page=70
68,SWEEP & TABLE CAM SWITCH ASSEMBLY,70,73,44,070005614,DECAL-WARNING,8270parts.pdf#page=70
68,SWEEP & TABLE CAM SWITCH ASSEMBLY,70,73,91,759517051,STOP BOTTOM,8270parts.pdf#page=70
68,SWEEP & TABLE CAM SWITCH ASSEMBLY,70,73,45,530705466,COVER-CROSS BEAM - OBS,8270parts.pdf#page=70
68,SWEEP & TABLE CAM SWITCH ASSEMBLY,70,73,92,000022296,INSULATOR-SWITCH,8270parts.pdf#page=70
68,SWEEP & TABLE CAM SWITCH ASSEMBLY,70,73,46A,070008140,PLATE-POWER RECEP.- OBS,8270parts.pdf#page=70
68,SWEEP & TABLE CAM SWITCH ASSEMBLY,70,73,96,070007746,FRME WLD-CBLDCT-SHRT - OBS,8270parts.pdf#page=70
68,SWEEP & TABLE CAM SWITCH ASSEMBLY,70,73,46B,070001992,PLATE-PWR RECPT 50HZ- OBS,8270parts.pdf#page=70
68,SWEEP & TABLE CAM SWITCH ASSEMBLY,70,73,97,070007745,COVER-CBL DUCT EXT,8270parts.pdf#page=70
68,SWEEP & TABLE CAM SWITCH ASSEMBLY,70,73,47A,755020359,RECPT-3WIRE 30A 125V,8270parts.pdf#page=70
68,SWEEP & TABLE CAM SWITCH ASSEMBLY,70,75,1,070007747,COVER,8270parts.pdf#page=70
68,SWEEP & TABLE CAM SWITCH ASSEMBLY,70,75,47,754010336,PLUG ARROWHARD 60 HZ,8270parts.pdf#page=70
68,SWEEP & TABLE CAM SWITCH ASSEMBLY,70,75,2,070007748,FRME WLD-CBLDCT-LONG,8270parts.pdf#page=70
68,SWEEP & TABLE CAM SWITCH ASSEMBLY,70,75,48,070005539,SPACER - OBS,8270parts.pdf#page=70
68,SWEEP & TABLE CAM SWITCH ASSEMBLY,70,75,3,070005570,PLUG DUCT WELDMT,8270parts.pdf#page=70
68,SWEEP & TABLE CAM SWITCH ASSEMBLY,70,75,49,711520021,GRMT-ATL 5/8ID 2864 - OBS,8270parts.pdf#page=70
68,SWEEP & TABLE CAM SWITCH ASSEMBLY,70,75,4,530705472,COVER LH USED - OBS,8270parts.pdf#page=70
68,SWEEP & TABLE CAM SWITCH ASSEMBLY,70,75,50,070006272,SWITCH CABLE ASSM,8270parts.pdf#page=70
68,SWEEP & TABLE CAM SWITCH ASSEMBLY,70,75,6,070007287,TERMINAL STRIP-17TRM - OBS,8270parts.pdf#page=70
68,SWEEP & TABLE CAM SWITCH ASSEMBLY,70,75,51,070005521,CABLE ASSEMBLY.START SW. - OBS,8270parts.pdf#page=70
68,SWEEP & TABLE CAM SWITCH ASSEMBLY,70,75,8,000025078,BLOCK-TERMAMP2012981,8270parts.pdf#page=70
68,SWEEP & TABLE CAM SWITCH ASSEMBLY,70,75,52,070005094,CABLE ASSEMBLY BE MTR,8270parts.pdf#page=70
68,SWEEP & TABLE CAM SWITCH ASSEMBLY,70,75,9,000025556,CATCH-SPG.LOCK,8270parts.pdf#page=70
68,SWEEP & TABLE CAM SWITCH ASSEMBLY,70,75,53,746003008,CNECTR 90DEG 266 3/8,8270parts.pdf#page=70
68,SWEEP & TABLE CAM SWITCH ASSEMBLY,70,75,10,000028442,GUIDE PIN,8270parts.pdf#page=70
68,SWEEP & TABLE CAM SWITCH ASSEMBLY,70,75,54,746007002,CNCTR-SPLICE TAB - OBS,8270parts.pdf#page=70
68,SWEEP & TABLE CAM SWITCH ASSEMBLY,70,75,11,000028441,GUIDE SOCKET,8270parts.pdf#page=70
68,SWEEP & TABLE CAM SWITCH ASSEMBLY,70,75,55,770011010,TYRAP 14.19INCH LG,8270parts.pdf#page=70
68,SWEEP & TABLE CAM SWITCH ASSEMBLY,70,75,12,834621000,NUT-HEX 4-40 BRASS,8270parts.pdf#page=70
68,SWEEP & TABLE CAM SWITCH ASSEMBLY,70,75,56,724511074,TIN-NUT-SPD’U’C-1505,8270parts.pdf#page=70
68,SWEEP & TABLE CAM SWITCH ASSEMBLY,70,75,13,070005531,PLATE-END-CABLE DUCT - OBS,8270parts.pdf#page=70
68,SWEEP & TABLE CAM SWITCH ASSEMBLY,70,75,57,812840082,SCREW-RDHD 10-32 X 1/2,8270parts.pdf#page=70
68,SWEEP & TABLE CAM SWITCH ASSEMBLY,70,75,14,070011800,HRNESS LH-C1 & C2A - OBS,8270parts.pdf#page=70
68,SWEEP & TABLE CAM SWITCH ASSEMBLY,70,75,58,826032060,SCREW-TAT-WA8-3/8,8270parts.pdf#page=70
68,SWEEP & TABLE CAM SWITCH ASSEMBLY,70,75,15,070007286,TERMINAL STRIP-13TRM,8270parts.pdf#page=70
68,SWEEP & TABLE CAM SWITCH ASSEMBLY,70,75,59,818233122,SCREW-SMRD 8-32 X 3/4,8270parts.pdf#page=70
68,SWEEP & TABLE CAM SWITCH ASSEMBLY,70,75,16,711520017,GRMT-ATL 2764,8270parts.pdf#page=70
68,SWEEP & TABLE CAM SWITCH ASSEMBLY,70,75,60,948735062,"WASHER, PIN. (7/16 O.D. X 3/16 I.D.) - OBS",8270parts.pdf#page=70
68,SWEEP & TABLE CAM SWITCH ASSEMBLY,70,75,17,070005542,CABLE ASSEMBLY SWEEP MTR,8270parts.pdf#page=70
68,SWEEP & TABLE CAM SWITCH ASSEMBLY,70,75,61,843133002,NUT-KEP 8-32 WASH,8270parts.pdf#page=70
68,SWEEP & TABLE CAM SWITCH ASSEMBLY,70,75,18,070007161,SWEEP CAM HARNESS- OBS,8270parts.pdf#page=70
68,SWEEP & TABLE CAM SWITCH ASSEMBLY,70,75,62,755010303,RECPTCL-3WIRE TWSTLK,8270parts.pdf#page=70
68,SWEEP & TABLE CAM SWITCH ASSEMBLY,70,75,19,010102210,CORD SO 18/3/600V,8270parts.pdf#page=70
68,SWEEP & TABLE CAM SWITCH ASSEMBLY,70,75,64,746605011,CONT BLOCK MALE 2PIN,8270parts.pdf#page=70
68,SWEEP & TABLE CAM SWITCH ASSEMBLY,70,75,20,754020312,CNCTR&PRNGMALE *4720,8270parts.pdf#page=70
68,SWEEP & TABLE CAM SWITCH ASSEMBLY,70,75,65,818227082,SCREW-SMRD 6-32 X 1/2,8270parts.pdf#page=70
68,SWEEP & TABLE CAM SWITCH ASSEMBLY,70,75,21,760015039,TERMINAL FLAT SPADE - OBS,8270parts.pdf#page=70
68,SWEEP & TABLE CAM SWITCH ASSEMBLY,70,75,66,843127002,NUT-KEP 6-32 WASH,8270parts.pdf#page=70
68,SWEEP & TABLE CAM SWITCH ASSEMBLY,70,75,22,742503004,SPLICE CAP BUCH2006S,8270parts.pdf#page=70
68,SWEEP & TABLE CAM SWITCH ASSEMBLY,70,75,67,809849085,SCREW-HEX 1/4-20 X 1/2,8270parts.pdf#page=70
68,SWEEP & TABLE CAM SWITCH ASSEMBLY,70,75,23,742502002,CAP-NYLN INSL BU2007,8270parts.pdf#page=70
68,SWEEP & TABLE CAM SWITCH ASSEMBLY,70,75,68,809849125,SCREW-HEX 1/4-20 X 3/4,8270parts.pdf#page=70
68,SWEEP & TABLE CAM SWITCH ASSEMBLY,70,75,24,746001016,CNECTR-STR #3302 1/2,8270parts.pdf#page=70
68,SWEEP & TABLE CAM SWITCH ASSEMBLY,70,75,69,812833062,SCREW-RDHD 8-32 X 3/8 CD - OBS,8270parts.pdf#page=70
68,SWEEP & TABLE CAM SWITCH ASSEMBLY,70,75,25,000021652,PIT LIGHT ASSEMBLY 120/60,8270parts.pdf#page=70
68,SWEEP & TABLE CAM SWITCH ASSEMBLY,70,75,70,844049002,1/4-20 LOCK NUT,8270parts.pdf#page=70
68,SWEEP & TABLE CAM SWITCH ASSEMBLY,70,75,71,818627042,SCREW-SMRD 6-32 X 1/4,8270parts.pdf#page=70
68,SWEEP & TABLE CAM SWITCH ASSEMBLY,70,75,26,000027444,FLRSCNT LAMP STARTER,8270parts.pdf#page=70
68,SWEEP & TABLE CAM SWITCH ASSEMBLY,70,75,72,813340042,SCREW-PNHD10-32 X 1/4 CD,8270parts.pdf#page=70
68,SWEEP & TABLE CAM SWITCH ASSEMBLY,70,75,27,751001423,LAMP FLOURESCENT 30W,8270parts.pdf#page=70
68,SWEEP & TABLE CAM SWITCH ASSEMBLY,70,75,73,818239122,SCREW-SMRD 10-24 X 3/4,8270parts.pdf#page=70
68,SWEEP & TABLE CAM SWITCH ASSEMBLY,70,75,74,839539002,NUT-FLX-TK 10-24 HT,8270parts.pdf#page=70
68,SWEEP & TABLE CAM SWITCH ASSEMBLY,70,75,75,070005639,DECAL,8270parts.pdf#page=70
68,SWEEP & TABLE CAM SWITCH ASSEMBLY,70,75,76,744203014,CLAMP-BURNDY HP-6N,8270parts.pdf#page=70
68,SWEEP & TABLE CAM SWITCH ASSEMBLY,70,75,28,740501001,BALLAST-120/60,8270parts.pdf#page=70
68,SWEEP & TABLE CAM SWITCH ASSEMBLY,70,75,77,828127062,SCREW-TDRD 6-32 X 3/8 TYD,8270parts.pdf#page=70
68,SWEEP & TABLE CAM SWITCH ASSEMBLY,70,75,29,070007370,ANGLE PIT LIGHT MNT,8270parts.pdf#page=70
68,SWEEP & TABLE CAM SWITCH ASSEMBLY,70,75,78,812627122,SCREW-RDHD 6-32 X 3/4,8270parts.pdf#page=70
68,SWEEP & TABLE CAM SWITCH ASSEMBLY,70,75,30,070001907,BRKT-SUP-PIT LITE RH,8270parts.pdf#page=70
68,SWEEP & TABLE CAM SWITCH ASSEMBLY,70,75,79,829905042,SCREW-DRPK 0 X 1/4 TY U,8270parts.pdf#page=70
68,SWEEP & TABLE CAM SWITCH ASSEMBLY,70,75,31,070001908,BRKT-SUP-PIT LITE LH,8270parts.pdf#page=70
68,SWEEP & TABLE CAM SWITCH ASSEMBLY,70,75,80,070006473,CABLE ASSEMBLY C1,8270parts.pdf#page=70
68,SWEEP & TABLE CAM SWITCH ASSEMBLY,70,75,33,070005534,CBL ASSEMBLY-OFF SPOT,8270parts.pdf#page=70
68,SWEEP & TABLE CAM SWITCH ASSEMBLY,70,75,81,070006781,COVER PLATE - OBS,8270parts.pdf#page=70
68,SWEEP & TABLE CAM SWITCH ASSEMBLY,70,75,34,070007751,CABLE-TBL MTR 3 CONO,8270parts.pdf#page=70
68,SWEEP & TABLE CAM SWITCH ASSEMBLY,70,75,82,826149062,SCREW-TAP-1/4-2 X 3/8 - OBS,8270parts.pdf#page=70
68,SWEEP & TABLE CAM SWITCH ASSEMBLY,70,75,35,000025576,HI VOLT BARRIER - OBS,8270parts.pdf#page=70
68,SWEEP & TABLE CAM SWITCH ASSEMBLY,70,75,83,070005532,END PLATE-F.E.FRAME - OBS,8270parts.pdf#page=70
68,SWEEP & TABLE CAM SWITCH ASSEMBLY,70,75,36,743000020,CPTR-460-552MFD110AC,8270parts.pdf#page=70
68,SWEEP & TABLE CAM SWITCH ASSEMBLY,70,75,84,070006782,PLATE MTG.A&MC - OBS,8270parts.pdf#page=70
68,SWEEP & TABLE CAM SWITCH ASSEMBLY,70,75,37,070005604,CABLE-TABLE 85a 754010336 PLUG-3WIRE 30A 125V,8270parts.pdf#page=70
68,SWEEP & TABLE CAM SWITCH ASSEMBLY,70,75,38,070005219,BRKT-CAPACITOR - OBS 85b 754010337 PLUG-ARROWHRT 50HZ,8270parts.pdf#page=70
68,SWEEP & TABLE CAM SWITCH ASSEMBLY,70,75,39,070005217,STRAP BRACKET ASSY - OBS,8270parts.pdf#page=70
68,SWEEP & TABLE CAM SWITCH ASSEMBLY,70,75,86,818233082,SCREW-SMRD 8-32 X 1/2,8270parts.pdf#page=70
68,SWEEP & TABLE CAM SWITCH ASSEMBLY,70,75,40,070005465,COVER-CROSS BEAM LH - OBS,8270parts.pdf#page=70
68,SWEEP & TABLE CAM SWITCH ASSEMBLY,70,75,87,070001698,BRKT-PITLIGHT,8270parts.pdf#page=70
68,SWEEP & TABLE CAM SWITCH ASSEMBLY,70,75,41,000025603,TERMINAL BOARD,8270parts.pdf#page=70
68,SWEEP & TABLE CAM SWITCH ASSEMBLY,70,75,88,000026247,SWITCH,8270parts.pdf#page=70
68,SWEEP & TABLE CAM SWITCH ASSEMBLY,70,75,42,916931256,RESISTCT20W.10.1.25K,8270parts.pdf#page=70
68,SWEEP & TABLE CAM SWITCH ASSEMBLY,70,75,89,813227162,SCREW-PNHD 6-32 X 1 CD,8270parts.pdf#page=70
68,SWEEP & TABLE CAM SWITCH ASSEMBLY,70,75,43,070007288,TERMINAL STRIP-16TRM,8270parts.pdf#page=70
68,SWEEP & TABLE CAM SWITCH ASSEMBLY,70,75,90,839527002,6-32 FLEX NUT,8270parts.pdf#page=70
68,SWEEP & TABLE CAM SWITCH ASSEMBLY,70,75,44,070005614,DECAL-WARNING,8270parts.pdf#page=70
68,SWEEP & TABLE CAM SWITCH ASSEMBLY,70,75,91,759517051,SWTCH PSHBTN 7/8 DIA,8270parts.pdf#page=70
68,SWEEP & TABLE CAM SWITCH ASSEMBLY,70,75,45,530705466,COVER-CROSS BEAM - OBS,8270parts.pdf#page=70
68,SWEEP & TABLE CAM SWITCH ASSEMBLY,70,75,92,000022296,INSULATOR-SWITCH,8270parts.pdf#page=70
68,SWEEP & TABLE CAM SWITCH ASSEMBLY,70,75,96,070007746,FRME WLD-CBLDCT-SHRT - OBS,8270parts.pdf#page=70
68,SWEEP & TABLE CAM SWITCH ASSEMBLY,70,75,97,070007745,COVER-CBL DUCT EXT,8270parts.pdf#page=70
74,C-2A HARNESS ASSEMBLY,76,77,2A,HARNESS,ASSEMBLY 75,8270parts.pdf#page=76
74,C-2A HARNESS ASSEMBLY,76,77,1,760011197,TERM-PIN.062 DIA LP,8270parts.pdf#page=76
74,C-2A HARNESS ASSEMBLY,76,77,8,760017036,TERM-STRAIT AMP41729,8270parts.pdf#page=76
74,C-2A HARNESS ASSEMBLY,76,77,2,760019201,TERM SKT .062 DIA LP,8270parts.pdf#page=76
74,C-2A HARNESS ASSEMBLY,76,77,9,760022150,TERM-18-14 GA WIRE,8270parts.pdf#page=76
74,C-2A HARNESS ASSEMBLY,76,77,3,000028409,BLOCK-TERMAMP2013581,8270parts.pdf#page=76
74,C-2A HARNESS ASSEMBLY,76,77,10,770011029,TYRAP-7.31 INCH LG,8270parts.pdf#page=76
74,C-2A HARNESS ASSEMBLY,76,77,4,000028441,GUIDE SOCKET,8270parts.pdf#page=76
74,C-2A HARNESS ASSEMBLY,76,77,11,813321062,SCREW-PNHD 4-40 X 3/8 CD,8270parts.pdf#page=76
74,C-2A HARNESS ASSEMBLY,76,77,5,000029013,LOCKING SPRING CLIP,8270parts.pdf#page=76
74,C-2A HARNESS ASSEMBLY,76,77,12,834821000,NUT-HEX 4-40,8270parts.pdf#page=76
74,C-2A HARNESS ASSEMBLY,76,77,6,000029896,CLAMP STRAIN RELVR,8270parts.pdf#page=76
74,C-2A HARNESS ASSEMBLY,76,77,13,951020000,#4 SPLIT LOCKWASHER,8270parts.pdf#page=76
74,C-2A HARNESS ASSEMBLY,76,77,7,760006195,TERM FLG .250 X .032 LP,8270parts.pdf#page=76
74,C-2A HARNESS ASSEMBLY,76,77,14,746007105,INSULATD LINE SPLICE,8270parts.pdf#page=76
74,C-2A HARNESS ASSEMBLY,76,77,23,07003902,SUPERSTAR MP CHASSIS,8270parts.pdf#page=76
76,MP CHASSIS ASSEMBLY,78,79,37,000026836,TRSFMR 115-60,8270parts.pdf#page=78
76,MP CHASSIS ASSEMBLY,78,79,37A,000027870,TRSFMR 115/230 50/60,8270parts.pdf#page=78
76,MP CHASSIS ASSEMBLY,78,79,38,000028494,HOOK,8270parts.pdf#page=78
76,MP CHASSIS ASSEMBLY,78,79,39,000025863,RELAY 24 V 50-60 CY,8270parts.pdf#page=78
76,MP CHASSIS ASSEMBLY,78,79,3,070001990,KNOB-CHASSIS COVER,8270parts.pdf#page=78
76,MP CHASSIS ASSEMBLY,78,79,39A**,755504048,RELAY P&B T91,8270parts.pdf#page=78
76,MP CHASSIS ASSEMBLY,78,79,3A,070005884,LATCH- OBS,8270parts.pdf#page=78
76,MP CHASSIS ASSEMBLY,78,79,40,070009812,RECEPTACLE ASSEMBLY (APS) - OBS,8270parts.pdf#page=78
76,MP CHASSIS ASSEMBLY,78,79,4,713510007,PAWL-CHASSIS COVER,8270parts.pdf#page=78
76,MP CHASSIS ASSEMBLY,78,79,41,070009811,RECEPTACLE ASSY (MASK),8270parts.pdf#page=78
76,MP CHASSIS ASSEMBLY,78,79,4A,070005885,SPACER- OBS,8270parts.pdf#page=78
76,MP CHASSIS ASSEMBLY,78,79,42,070007638,ANGLE-SHIELD - OBS,8270parts.pdf#page=78
76,MP CHASSIS ASSEMBLY,78,79,5,070005847,GSKT-CHAS CVR PLT - OBS,8270parts.pdf#page=78
76,MP CHASSIS ASSEMBLY,78,79,43*,070009860,82/,8270parts.pdf#page=78
76,MP CHASSIS ASSEMBLY,78,79,70,SINGLE,CHIP PC BOARD-MP CHASSIS,8270parts.pdf#page=78
76,MP CHASSIS ASSEMBLY,78,79,6*,620709802,CHASSIS-MP REBUILT (LESS BOARD),8270parts.pdf#page=78
76,MP CHASSIS ASSEMBLY,78,79,44,070009806,WELDMENT-MP CHASSIS - OBS,8270parts.pdf#page=78
76,MP CHASSIS ASSEMBLY,78,79,7,070009802,BRACKET - OBS,8270parts.pdf#page=78
76,MP CHASSIS ASSEMBLY,78,79,45,530706705,BASE PLATE - USED - OBS,8270parts.pdf#page=78
76,MP CHASSIS ASSEMBLY,78,79,8,770023036,RETAINING GUIDE - OBS,8270parts.pdf#page=78
76,MP CHASSIS ASSEMBLY,78,79,46,756001008,RECTIFIER-BRIDGE 12A,8270parts.pdf#page=78
76,MP CHASSIS ASSEMBLY,78,79,9,925307030,"RIVET 9.O62 DIA. X .188""LG. - OBS",8270parts.pdf#page=78
76,MP CHASSIS ASSEMBLY,78,79,47,755504006,RELAY P&B KA5AV 24V,8270parts.pdf#page=78
76,MP CHASSIS ASSEMBLY,78,79,10,746008083,CONNECTOR PC EDGE 25,8270parts.pdf#page=78
76,MP CHASSIS ASSEMBLY,78,79,48,823132082BG,SCREW-TAP-RDT 8 X 1/2 (BAG 10),8270parts.pdf#page=78
76,MP CHASSIS ASSEMBLY,78,79,10A,760005129,TERMNAL AMP#583361-4,8270parts.pdf#page=78
76,MP CHASSIS ASSEMBLY,78,79,49,817921080,4-40 X 1/2 SEMS,8270parts.pdf#page=78
76,MP CHASSIS ASSEMBLY,78,79,10B,746108096,PLUG-KEYING-MP CHAS- OBS,8270parts.pdf#page=78
76,MP CHASSIS ASSEMBLY,78,79,50,813540082,SCREW-TRHD 10-32 X 1/2 CD,8270parts.pdf#page=78
76,MP CHASSIS ASSEMBLY,78,79,11,070011755,RELAY 50/60HZ,8270parts.pdf#page=78
76,MP CHASSIS ASSEMBLY,78,79,51,818233122,SCREW-SMRD 8-32 X 3/4,8270parts.pdf#page=78
76,MP CHASSIS ASSEMBLY,78,79,12,760010065,TERM-MALE-3000M-48 - OBS,8270parts.pdf#page=78
76,MP CHASSIS ASSEMBLY,78,79,52,818227102,SCREW-SMRD 6-32 X 5/8,8270parts.pdf#page=78
76,MP CHASSIS ASSEMBLY,78,79,14,000025865,PLUNGER SWITCH,8270parts.pdf#page=78
76,MP CHASSIS ASSEMBLY,78,79,53,843133002,NUT-KEP 8-32 WASH,8270parts.pdf#page=78
76,MP CHASSIS ASSEMBLY,78,79,15,743506006,CIRC BRKR-3 AMP,8270parts.pdf#page=78
76,MP CHASSIS ASSEMBLY,78,79,54,843127002,NUT-KEP 6-32 WASH,8270parts.pdf#page=78
76,MP CHASSIS ASSEMBLY,78,79,16,743502024,CIRCUIT BREAKER CB-2 & CB-3,8270parts.pdf#page=78
76,MP CHASSIS ASSEMBLY,78,79,55,843121002,NUT-KEP 4-40 WASH,8270parts.pdf#page=78
76,MP CHASSIS ASSEMBLY,78,79,17,070009809,HEAT SINK - OBS,8270parts.pdf#page=78
76,MP CHASSIS ASSEMBLY,78,79,56,843140002,NUT-KEP 10-32 WASH,8270parts.pdf#page=78
76,MP CHASSIS ASSEMBLY,78,79,18,070005666,CIRC BREAKTEX,8270parts.pdf#page=78
76,MP CHASSIS ASSEMBLY,78,79,57,938823020,RIVET-POP CSPQ-42 - OBS,8270parts.pdf#page=78
76,MP CHASSIS ASSEMBLY,78,79,19,000021217,TERMINAL BLOCK - OBS,8270parts.pdf#page=78
76,MP CHASSIS ASSEMBLY,78,79,58,959571102,WASHER-SHKPRF INT,8270parts.pdf#page=78
76,MP CHASSIS ASSEMBLY,78,79,19A,760001070,TERM-ADPTR-3000S-5-1,8270parts.pdf#page=78
76,MP CHASSIS ASSEMBLY,78,79,59,724511050,TIN-CLIP-TY‘U’C-8111,8270parts.pdf#page=78
76,MP CHASSIS ASSEMBLY,78,79,20,070005548,PLATE-SERIAL NO - OBS,8270parts.pdf#page=78
76,MP CHASSIS ASSEMBLY,78,79,60,770019030,SILICONE HEAT COMPD - OBS,8270parts.pdf#page=78
76,MP CHASSIS ASSEMBLY,78,79,21,000029117,HANDLE,8270parts.pdf#page=78
76,MP CHASSIS ASSEMBLY,78,79,61,818227162,SCREW-SMRD 6-32 X 1,8270parts.pdf#page=78
76,MP CHASSIS ASSEMBLY,78,79,22,000025068,BLOCK-TERMAMP2008382,8270parts.pdf#page=78
76,MP CHASSIS ASSEMBLY,78,79,62,812633062,SCREW-RDHD 8-32 X 3/8 CD,8270parts.pdf#page=78
76,MP CHASSIS ASSEMBLY,78,79,23,000028410,BLOCK-TERMAMP2002772,8270parts.pdf#page=78
76,MP CHASSIS ASSEMBLY,78,79,63,070001987,TAG-INSTR - OBS,8270parts.pdf#page=78
76,MP CHASSIS ASSEMBLY,78,79,24,070005514,SHIELD-ANGLE,8270parts.pdf#page=78
76,MP CHASSIS ASSEMBLY,78,79,64,610700813,LABEL-50 HZ - OBS,8270parts.pdf#page=78
76,MP CHASSIS ASSEMBLY,78,79,25,000028442,GUIDE PIN,8270parts.pdf#page=78
76,MP CHASSIS ASSEMBLY,78,79,65,070009815,VARISTOR ASSEMBLY T1,8270parts.pdf#page=78
76,MP CHASSIS ASSEMBLY,78,79,26,000028441,GUIDE SOCKET,8270parts.pdf#page=78
76,MP CHASSIS ASSEMBLY,78,79,65A,070009822,VARISTOR ASSEMBLY T1 275V- OBS,8270parts.pdf#page=78
76,MP CHASSIS ASSEMBLY,78,79,27,000029014,LOCKING SPRING CATCH,8270parts.pdf#page=78
76,MP CHASSIS ASSEMBLY,78,79,68,070009817,GASKET-SMALL-CUR PLP - OBS,8270parts.pdf#page=78
76,MP CHASSIS ASSEMBLY,78,79,28,760602031,TERM STRIP 14 POS - OBS,8270parts.pdf#page=78
76,MP CHASSIS ASSEMBLY,78,79,69,070009819,BUS BAR-MPU CHASSIS - OBS,8270parts.pdf#page=78
76,MP CHASSIS ASSEMBLY,78,79,29,741530404,GROMT-5/8 X 3/4 X 13/32 - OBS,8270parts.pdf#page=78
76,MP CHASSIS ASSEMBLY,78,79,70,812621082,SCREW-RDHD 4-40 X 1/2,8270parts.pdf#page=78
76,MP CHASSIS ASSEMBLY,78,79,30,762015015,TRSFMR 120 50/60,8270parts.pdf#page=78
76,MP CHASSIS ASSEMBLY,78,79,71,834821000,NUT-HEX 4-40,8270parts.pdf#page=78
76,MP CHASSIS ASSEMBLY,78,79,31,743507007,CIRC BRKR-1 AMP,8270parts.pdf#page=78
76,MP CHASSIS ASSEMBLY,78,79,72,951020000,#4 SPLIT LOCKWASHER,8270parts.pdf#page=78
76,MP CHASSIS ASSEMBLY,78,79,32,000021231,SOCKET,8270parts.pdf#page=78
76,MP CHASSIS ASSEMBLY,78,79,73,761700002,VARISTOR-GE V4721,8270parts.pdf#page=78
76,MP CHASSIS ASSEMBLY,78,79,33,070005515,RELAY-CHASSIS 24VAC,8270parts.pdf#page=78
76,MP CHASSIS ASSEMBLY,78,79,74,940003000,TBNG-FBEARINGLS 18VNLCT - OBS,8270parts.pdf#page=78
76,MP CHASSIS ASSEMBLY,78,79,34,762011011,TRSFMR 115/230 50/60,8270parts.pdf#page=78
76,MP CHASSIS ASSEMBLY,78,79,75,748010034,TRANSIET VOLTG SUPSR,8270parts.pdf#page=78
76,MP CHASSIS ASSEMBLY,78,79,36,741530710,GROMMET-HEYCO - OBS,8270parts.pdf#page=78
76,MP CHASSIS ASSEMBLY,78,79,76,760005135,TERM-PC EDGE CNECTR - OBS,8270parts.pdf#page=78
76,MP CHASSIS ASSEMBLY,78,81,1*,520705959,PC BD # 5 -REBUILT- OBS,8270parts.pdf#page=78
76,MP CHASSIS ASSEMBLY,78,81,42,938823020,RIVET-POP CSPQ-42 - OBS,8270parts.pdf#page=78
76,MP CHASSIS ASSEMBLY,78,81,2*,520705955,PC BOARD-REBUILT- OBS,8270parts.pdf#page=78
76,MP CHASSIS ASSEMBLY,78,81,43,938723020,AAP 42 POP RIVET (CHERRY) - OBS,8270parts.pdf#page=78
76,MP CHASSIS ASSEMBLY,78,81,3*,520705956,PC BD #,8270parts.pdf#page=78
76,MP CHASSIS ASSEMBLY,78,81,44,818233102,8-32X5/8 SCREW - OBS,8270parts.pdf#page=78
76,MP CHASSIS ASSEMBLY,78,81,4*,520705957,PC BD #,8270parts.pdf#page=78
76,MP CHASSIS ASSEMBLY,78,81,45,070005149,RELAY-THERMAL,8270parts.pdf#page=78
76,MP CHASSIS ASSEMBLY,78,81,5*,520705958,PC BD # 4 -REBUILT- OBS,8270parts.pdf#page=78
76,MP CHASSIS ASSEMBLY,78,81,46,000028494,HOOK,8270parts.pdf#page=78
76,MP CHASSIS ASSEMBLY,78,81,6**,070007630,PC BR # 6 ASSY- OBS,8270parts.pdf#page=78
76,MP CHASSIS ASSEMBLY,78,81,47,070007646,DECAL-CAUTION,8270parts.pdf#page=78
76,MP CHASSIS ASSEMBLY,78,81,6A,070005960,PC BR # 6 ASSY USED WITH ELCO CHASSIS- OBS,8270parts.pdf#page=78
76,MP CHASSIS ASSEMBLY,78,81,48,000021217,TERMINAL BLOCK - OBS,8270parts.pdf#page=78
76,MP CHASSIS ASSEMBLY,78,81,7,070007656,PC BD ALIGN. SUPT. WELD RH- OBS,8270parts.pdf#page=78
76,MP CHASSIS ASSEMBLY,78,81,49,818233042,SCREW-SMRD 8-32 X 1/4 - OBS,8270parts.pdf#page=78
76,MP CHASSIS ASSEMBLY,78,81,7A,070005840,PC BD ALIGN. SUPT. USED ON ELCO,8270parts.pdf#page=78
76,MP CHASSIS ASSEMBLY,78,81,50,843133002,NUT-KEP 8-32 WASH,8270parts.pdf#page=78
76,MP CHASSIS ASSEMBLY,78,81,51,818233062,SCREW-SMRD 8-32 X 3/8,8270parts.pdf#page=78
76,MP CHASSIS ASSEMBLY,78,81,8,070007654,CHASSIS WELD - OBS,8270parts.pdf#page=78
76,MP CHASSIS ASSEMBLY,78,81,52,818227102,SCREW-SMRD 6-32 X 5/8,8270parts.pdf#page=78
76,MP CHASSIS ASSEMBLY,78,81,8A,070005806,CHASSIS WELD ELCO CHASSIS- OBS,8270parts.pdf#page=78
76,MP CHASSIS ASSEMBLY,78,81,53,818233082,SCREW-SMRD 8-32 X 1/2,8270parts.pdf#page=78
76,MP CHASSIS ASSEMBLY,78,81,9,070007655,PLATE WELD-SIDE SUPPORT - OBS,8270parts.pdf#page=78
76,MP CHASSIS ASSEMBLY,78,81,54,818233142,"SCREW, SEMS RD. 8-32 X 7/8 - OBS",8270parts.pdf#page=78
76,MP CHASSIS ASSEMBLY,78,81,9A,070005879,PLATE WELD-SIDE SUPPORT ELCO CHASSIS- OBS,8270parts.pdf#page=78
76,MP CHASSIS ASSEMBLY,78,81,55,948637072,WASHER- 3/16 X 7/16 X 3/64,8270parts.pdf#page=78
76,MP CHASSIS ASSEMBLY,78,81,10,070007657,"PC BD ALIGN. SUPT. WELD, LH - OBS",8270parts.pdf#page=78
76,MP CHASSIS ASSEMBLY,78,81,56,724511050,TIN-CLIP-TY‘U’C-8111,8270parts.pdf#page=78
76,MP CHASSIS ASSEMBLY,78,81,10A,070005877,"PC BD ALIGN. SUPT. WELD, LH ELCO",8270parts.pdf#page=78
76,MP CHASSIS ASSEMBLY,78,81,57,070005514,SHIELD-ANGLE,8270parts.pdf#page=78
76,MP CHASSIS ASSEMBLY,78,81,58,711520012,GRMT-ATL 5/8ID 2285 - OBS,8270parts.pdf#page=78
76,MP CHASSIS ASSEMBLY,78,81,11,070005846,COVER PLATE ASSEMBLY - OBS,8270parts.pdf#page=78
76,MP CHASSIS ASSEMBLY,78,81,59,824332082,SCREW-TAP-TR 8 X1/2 TYA,8270parts.pdf#page=78
76,MP CHASSIS ASSEMBLY,78,81,12,070005845,HEAT SINK - OBS,8270parts.pdf#page=78
76,MP CHASSIS ASSEMBLY,78,81,60,916430275,RSTR 2.7KOHM 1/2W 5% - OBS,8270parts.pdf#page=78
76,MP CHASSIS ASSEMBLY,78,81,13,070007659,MOTHER BOARD ASSEMBLY - OBS,8270parts.pdf#page=78
76,MP CHASSIS ASSEMBLY,78,81,61,916430684,RESISTOR +10%68K-1/2W.,8270parts.pdf#page=78
76,MP CHASSIS ASSEMBLY,78,81,13A,070005961,"MOTHER BOARD ASSEMBLY ELCO (UNDER CAPACITOR, ITEM 18)- OBS",8270parts.pdf#page=78
76,MP CHASSIS ASSEMBLY,78,81,62,000021249,TERMINAL STRIP,8270parts.pdf#page=78
76,MP CHASSIS ASSEMBLY,78,81,14,070005548,"PLATE-SERIAL NO - OBS (UNDER CAPACITOR, ITEM 18) - OBS",8270parts.pdf#page=78
76,MP CHASSIS ASSEMBLY,78,81,15,070005515,RELAY-CHASSIS 24VAC,8270parts.pdf#page=78
76,MP CHASSIS ASSEMBLY,78,81,63,760600002,TERM STRP MOLE X 668-A - OBS,8270parts.pdf#page=78
76,MP CHASSIS ASSEMBLY,78,81,16,070005883,RELAY,8270parts.pdf#page=78
76,MP CHASSIS ASSEMBLY,78,81,64,070005661,INSULATOR - OBS,8270parts.pdf#page=78
76,MP CHASSIS ASSEMBLY,78,81,17,000029301,RECTIFIER-SILC. 2069,8270parts.pdf#page=78
76,MP CHASSIS ASSEMBLY,78,81,65,000029117,HANDLE,8270parts.pdf#page=78
76,MP CHASSIS ASSEMBLY,78,81,18,070005652,CPCTR-100MFD 250WVDC,8270parts.pdf#page=78
76,MP CHASSIS ASSEMBLY,78,81,66,070005998,TRIAC,8270parts.pdf#page=78
76,MP CHASSIS ASSEMBLY,78,81,19,000021231,SOCKET,8270parts.pdf#page=78
76,MP CHASSIS ASSEMBLY,78,81,67,818227062,SCREW-SMRD 6 X 3/8,8270parts.pdf#page=78
76,MP CHASSIS ASSEMBLY,78,81,20,530705662,RADIAL FIN COOLER (NO LONGER,8270parts.pdf#page=78
76,MP CHASSIS ASSEMBLY,78,81,68,818227082,SCREW-SMRD 6-32 X 1/,8270parts.pdf#page=78
76,MP CHASSIS ASSEMBLY,78,81,69,843127002,NUT-KEP 6-32 WASH,8270parts.pdf#page=78
76,MP CHASSIS ASSEMBLY,78,81,21,070007637,PLATE-SIDE SUPPORT-PC BOARD - OBS,8270parts.pdf#page=78
76,MP CHASSIS ASSEMBLY,78,81,70,520705669,PC BOARD AUXILIARY REBUILT - OBS,8270parts.pdf#page=78
76,MP CHASSIS ASSEMBLY,78,81,22,070005874,CPCTR-1500MFD 50W.V.,8270parts.pdf#page=78
76,MP CHASSIS ASSEMBLY,78,81,71,813327062,6-32 X 3/8 SLTD PAN HEAD SCREW,8270parts.pdf#page=78
76,MP CHASSIS ASSEMBLY,78,81,23,000025863,RELAY 24 V 50-60 CY,8270parts.pdf#page=78
76,MP CHASSIS ASSEMBLY,78,81,73,070007638,ANGLE-SHIELD - OBS,8270parts.pdf#page=78
76,MP CHASSIS ASSEMBLY,78,81,24,070005841,GUIDE-BOARD - OBS,8270parts.pdf#page=78
76,MP CHASSIS ASSEMBLY,78,81,76,743502024,CIRCUIT BREAKER CB2/CB3,8270parts.pdf#page=78
76,MP CHASSIS ASSEMBLY,78,81,25,070005853,TRSFMR 115/60,8270parts.pdf#page=78
76,MP CHASSIS ASSEMBLY,78,81,76A,000029010,POST FUSE EXTRACTOR,8270parts.pdf#page=78
76,MP CHASSIS ASSEMBLY,78,81,25A,070005898,TRSFMR 115/230 50,8270parts.pdf#page=78
76,MP CHASSIS ASSEMBLY,78,81,76B,000025555,FUSE-SLO BLOW 3 AMP,8270parts.pdf#page=78
76,MP CHASSIS ASSEMBLY,78,81,26***,070011755,RELAY 50/60HZ,8270parts.pdf#page=78
76,MP CHASSIS ASSEMBLY,78,81,77,743506006,CIRCUIT BREAKER 3 AMP,8270parts.pdf#page=78
76,MP CHASSIS ASSEMBLY,78,81,27,530706705,BASE PLATE - USED - OBS,8270parts.pdf#page=78
76,MP CHASSIS ASSEMBLY,78,81,78,818233122,SCREW-SMRD 8-32 X 3/4,8270parts.pdf#page=78
76,MP CHASSIS ASSEMBLY,78,81,28,000026836,TRSFMR 115-60,8270parts.pdf#page=78
76,MP CHASSIS ASSEMBLY,78,81,80,070001990,KNOB-CHASSIS COVER,8270parts.pdf#page=78
76,MP CHASSIS ASSEMBLY,78,81,28A,000027870,TRSFMR 115/230 50/60,8270parts.pdf#page=78
76,MP CHASSIS ASSEMBLY,78,81,80A,070005884,LATCH- OBS,8270parts.pdf#page=78
76,MP CHASSIS ASSEMBLY,78,81,29,070005666,CIRC BREAKTEX,8270parts.pdf#page=78
76,MP CHASSIS ASSEMBLY,78,81,81,713510007,PAWL-CHASSIS COVER,8270parts.pdf#page=78
76,MP CHASSIS ASSEMBLY,78,81,30,070005854,INSULATOR,8270parts.pdf#page=78
76,MP CHASSIS ASSEMBLY,78,81,81A,070005885,SPACER- OBS,8270parts.pdf#page=78
76,MP CHASSIS ASSEMBLY,78,81,31,070005855,INSULATOR,8270parts.pdf#page=78
76,MP CHASSIS ASSEMBLY,78,81,82,070005847,GSKT-CHAS CVR PLT - OBS,8270parts.pdf#page=78
76,MP CHASSIS ASSEMBLY,78,81,32,070005882,INSULATOR - OBS,8270parts.pdf#page=78
76,MP CHASSIS ASSEMBLY,78,81,83,070005839,RELAY - OBS,8270parts.pdf#page=78
76,MP CHASSIS ASSEMBLY,78,81,33,000029014,LOCKING SPRING CATCH,8270parts.pdf#page=78
76,MP CHASSIS ASSEMBLY,78,81,84,818221102,SCREW-SMRD 4-40 X 5/8,8270parts.pdf#page=78
76,MP CHASSIS ASSEMBLY,78,81,34,000028410,BLOCK-TERMAMP2002772,8270parts.pdf#page=78
76,MP CHASSIS ASSEMBLY,78,81,85,070005887,PLUG-CONNECTOR - OBS,8270parts.pdf#page=78
76,MP CHASSIS ASSEMBLY,78,81,35,000028442,GUIDE PIN,8270parts.pdf#page=78
76,MP CHASSIS ASSEMBLY,78,81,86,530705844,HEAT SINK-USED - OBS,8270parts.pdf#page=78
76,MP CHASSIS ASSEMBLY,78,81,36,843121002,NUT-KEP 4-40 WASH,8270parts.pdf#page=78
76,MP CHASSIS ASSEMBLY,78,81,87,070005842,DIODE-POWER,8270parts.pdf#page=78
76,MP CHASSIS ASSEMBLY,78,81,37,000028441,GUIDE SOCKET,8270parts.pdf#page=78
76,MP CHASSIS ASSEMBLY,78,81,88,000028452,VARISTOR,8270parts.pdf#page=78
76,MP CHASSIS ASSEMBLY,78,81,38,000025068,BLOCK-TERMAMP2008382,8270parts.pdf#page=78
76,MP CHASSIS ASSEMBLY,78,81,89,070005859,DIODE-POWER,8270parts.pdf#page=78
76,MP CHASSIS ASSEMBLY,78,81,39,818221082,SEMS RD. HEAD SCREW EXT.,8270parts.pdf#page=78
76,MP CHASSIS ASSEMBLY,78,81,90,760010072,TERMINAL KENT 121578 - OBS,8270parts.pdf#page=78
76,MP CHASSIS ASSEMBLY,78,81,91,760600006,TERM STRIP 2008 (NO LONGER AVAILABLE),8270parts.pdf#page=78
76,MP CHASSIS ASSEMBLY,78,81,40,813640062,"SCREW, TRUSS HEAD MACH. 10-32 X 3/8 - OBS",8270parts.pdf#page=78
76,MP CHASSIS ASSEMBLY,78,81,98,070007753,DECAL-FUSE RATING (NOT SHOWN) - OBS,8270parts.pdf#page=78
76,MP CHASSIS ASSEMBLY,78,81,41,843140002,NUT-KEP 10-32 WASH,8270parts.pdf#page=78
76,MP CHASSIS ASSEMBLY,78,82,1,010101010,CORD SO 16/5/600V - OBS,8270parts.pdf#page=78
76,MP CHASSIS ASSEMBLY,78,82,1,940372000,SLEEVING-EXP 1/2 DIA (ORDER 6 FT.),8270parts.pdf#page=78
76,MP CHASSIS ASSEMBLY,78,82,2,760017036,TERM-STRAIT AMP41729,8270parts.pdf#page=78
76,MP CHASSIS ASSEMBLY,78,82,2,746001016,CNECTR-STR #3302 1/2,8270parts.pdf#page=78
76,MP CHASSIS ASSEMBLY,78,82,3,760015038,"TERMINAL, FLAT SPADE",8270parts.pdf#page=78
76,MP CHASSIS ASSEMBLY,78,82,3,000025183,CLAMP WASHER - OBS,8270parts.pdf#page=78
76,MP CHASSIS ASSEMBLY,78,82,5,000025183,CLAMP WASHER - OBS,8270parts.pdf#page=78
76,MP CHASSIS ASSEMBLY,78,82,4,846100000,NUT KL1/2CNDUT TB141,8270parts.pdf#page=78
76,MP CHASSIS ASSEMBLY,78,82,6,846100000,NUT KL1/2CNDUT,8270parts.pdf#page=78
76,MP CHASSIS ASSEMBLY,78,82,5,760017044,TERM STR-AMP41772 RL,8270parts.pdf#page=78
76,MP CHASSIS ASSEMBLY,78,82,7,000027660,PLUG-FEMALE,8270parts.pdf#page=78
76,MP CHASSIS ASSEMBLY,78,82,6,760019201,TERM SKT .062 DIA LP,8270parts.pdf#page=78
76,MP CHASSIS ASSEMBLY,78,82,7,000025049,SHIELD,8270parts.pdf#page=78
76,MP CHASSIS ASSEMBLY,78,82,8,000025557,CLIP-SPG. LOCK,8270parts.pdf#page=78
76,MP CHASSIS ASSEMBLY,78,82,1,010103210,CORD SO 16/2/600V,8270parts.pdf#page=78
76,MP CHASSIS ASSEMBLY,78,82,9,000025078,BLOCK-TERMAMP2012981,8270parts.pdf#page=78
76,MP CHASSIS ASSEMBLY,78,82,10,000028441,GUIDE SOCKET,8270parts.pdf#page=78
76,MP CHASSIS ASSEMBLY,78,82,3,760015038,TERM-AMP,8270parts.pdf#page=78
76,MP CHASSIS ASSEMBLY,78,82,11,000028442,GUIDE PIN,8270parts.pdf#page=78
76,MP CHASSIS ASSEMBLY,78,82,4,000025907,PLUG FEMALE,8270parts.pdf#page=78
76,MP CHASSIS ASSEMBLY,78,82,1,754010336,PLUG-3WIRE 30A 125V,8270parts.pdf#page=78
76,MP CHASSIS ASSEMBLY,78,82,1A,754010337,PLUG ARROWHART 50 HZ,8270parts.pdf#page=78
76,MP CHASSIS ASSEMBLY,78,82,2,755020359,RECPT-3WIRE 30A 125V,8270parts.pdf#page=78
76,MP CHASSIS ASSEMBLY,78,82,2A,755020360,RECPT-3WIRE 30A 220V - OBS,8270parts.pdf#page=78
76,MP CHASSIS ASSEMBLY,78,82,3,070005539,SPACER - OBS,8270parts.pdf#page=78
76,MP CHASSIS ASSEMBLY,78,82,4,812627122,SCREW-RDHD 6-32 X 3/4,8270parts.pdf#page=78
76,MP CHASSIS ASSEMBLY,78,82,5,760017036,TERM-STRAIT AMP41729,8270parts.pdf#page=78
76,MP CHASSIS ASSEMBLY,78,82,6,760015055,TERM-SPDE 42168-2,8270parts.pdf#page=78
